name,price,brand,operating_system,ram,cpu_model,cpu_speed,ratings_count,url
Samsung Galaxy A36 5G A Series Cell Phone 128GB Android Smartphone AMOLED Display Rugged Design US Version 2025 Awesome Black for AT&T (Renewed),,Samsung,Android,6 GB,,,(2),https://www.amazon.com/Samsung-Android-Smartphone-Display-Version/dp/B0G2MRZ42T/ref=sr_1_160?dib=eyJ2IjoiMSJ9.05ou8kzdu4rBUrv8zbFIqcUYI54GY4XD9faOJrB1FtShq1d7pRpEl3HoQdxZQViYZE6kBdg7ICAwv6pCZKvtQLzki88KWGxScTiggO3UmyYS-CQoWSaiVB68eN3E81Kz0irn2WqAyjZ-tzJk5MVD6MXoBNKWsaUJPthmQlEmUxWodcXxagMhefG0FRjEQHTlG7yYkiPtX_KU5yE9cgmsTyDHtfL5cikHnlGOVzYaH94.2AX9yrqJ36U4Z8rMdmawnbYbxB36RB3qoxMNxaU5zSA&dib_tag=se&keywords=samsung+phone&qid=1774696548&sr=8-160
Samsung Galaxy S10+ 128GB Prism Black - AT&T (Renewed),,Samsung,Android 9.0,8 GB,Snapdragon,2.73 GHz,(412),https://www.amazon.com/Samsung-Galaxy-Cellphone-Factory-Renewed/dp/B07TSR1VDZ/ref=sr_1_159?dib=eyJ2IjoiMSJ9.05ou8kzdu4rBUrv8zbFIqcUYI54GY4XD9faOJrB1FtShq1d7pRpEl3HoQdxZQViYZE6kBdg7ICAwv6pCZKvtQLzki88KWGxScTiggO3UmyYS-CQoWSaiVB68eN3E81Kz0irn2WqAyjZ-tzJk5MVD6MXoBNKWsaUJPthmQlEmUxWodcXxagMhefG0FRjEQHTlG7yYkiPtX_KU5yE9cgmsTyDHtfL5cikHnlGOVzYaH94.2AX9yrqJ36U4Z8rMdmawnbYbxB36RB3qoxMNxaU5zSA&dib_tag=se&keywords=samsung+phone&qid=1774696548&sr=8-159
Samsung Galaxy Z Flip 6 AI Cell Phone 256GB Unlocked Android Smartphone US 2024 Silver Shadow (Renewed),,Samsung,"Android 14, OneUI 6.1",12 GB,Snapdragon,3.39 GHz,(68),https://www.amazon.com/SAMSUNG-Unlocked-Android-Smartphone-Renewed/dp/B0DL7PGY4P/ref=sr_1_158?dib=eyJ2IjoiMSJ9.05ou8kzdu4rBUrv8zbFIqcUYI54GY4XD9faOJrB1FtShq1d7pRpEl3HoQdxZQViYZE6kBdg7ICAwv6pCZKvtQLzki88KWGxScTiggO3UmyYS-CQoWSaiVB68eN3E81Kz0irn2WqAyjZ-tzJk5MVD6MXoBNKWsaUJPthmQlEmUxWodcXxagMhefG0FRjEQHTlG7yYkiPtX_KU5yE9cgmsTyDHtfL5cikHnlGOVzYaH94.2AX9yrqJ36U4Z8rMdmawnbYbxB36RB3qoxMNxaU5zSA&dib_tag=se&keywords=samsung+phone&qid=1774696548&sr=8-158
SAMSUNG Galaxy A53 (5G) 128GB Unlocked - Black (Renewed),,Samsung,Android,128 GB,Exynos 1280,2.4 GHz,(416),https://www.amazon.com/Galaxy-A53-5G-128GB-Unlocked/dp/B0B6997TLM/ref=sr_1_157?dib=eyJ2IjoiMSJ9.05ou8kzdu4rBUrv8zbFIqcUYI54GY4XD9faOJrB1FtShq1d7pRpEl3HoQdxZQViYZE6kBdg7ICAwv6pCZKvtQLzki88KWGxScTiggO3UmyYS-CQoWSaiVB68eN3E81Kz0irn2WqAyjZ-tzJk5MVD6MXoBNKWsaUJPthmQlEmUxWodcXxagMhefG0FRjEQHTlG7yYkiPtX_KU5yE9cgmsTyDHtfL5cikHnlGOVzYaH94.2AX9yrqJ36U4Z8rMdmawnbYbxB36RB3qoxMNxaU5zSA&dib_tag=se&keywords=samsung%2Bphone&qid=1774696548&sr=8-157&th=1
Samsung Galaxy Note 20 128GB 6.7 inch 5G Unlocked Mystic Green (Renewed),,Samsung,Android 10.0,8 GB,Snapdragon,,(893),https://www.amazon.com/Samsung-Galaxy-Unlocked-Mystic-Renewed/dp/B093ZCPS14/ref=sr_1_156?dib=eyJ2IjoiMSJ9.05ou8kzdu4rBUrv8zbFIqcUYI54GY4XD9faOJrB1FtShq1d7pRpEl3HoQdxZQViYZE6kBdg7ICAwv6pCZKvtQLzki88KWGxScTiggO3UmyYS-CQoWSaiVB68eN3E81Kz0irn2WqAyjZ-tzJk5MVD6MXoBNKWsaUJPthmQlEmUxWodcXxagMhefG0FRjEQHTlG7yYkiPtX_KU5yE9cgmsTyDHtfL5cikHnlGOVzYaH94.2AX9yrqJ36U4Z8rMdmawnbYbxB36RB3qoxMNxaU5zSA&dib_tag=se&keywords=samsung%2Bphone&qid=1774696548&sr=8-156&th=1
Samsung Galaxy A15 5G 64GB Smartphone - Blue Black for Cricket (Renewed),,Samsung,"Android 14, One UI 6",4 GB,,,(2),https://www.amazon.com/Samsung-Galaxy-A15-64GB-Smartphone/dp/B0G2MQZ49R/ref=sr_1_155?dib=eyJ2IjoiMSJ9.05ou8kzdu4rBUrv8zbFIqcUYI54GY4XD9faOJrB1FtShq1d7pRpEl3HoQdxZQViYZE6kBdg7ICAwv6pCZKvtQLzki88KWGxScTiggO3UmyYS-CQoWSaiVB68eN3E81Kz0irn2WqAyjZ-tzJk5MVD6MXoBNKWsaUJPthmQlEmUxWodcXxagMhefG0FRjEQHTlG7yYkiPtX_KU5yE9cgmsTyDHtfL5cikHnlGOVzYaH94.2AX9yrqJ36U4Z8rMdmawnbYbxB36RB3qoxMNxaU5zSA&dib_tag=se&keywords=samsung+phone&qid=1774696548&sr=8-155
Samsung A53 Black T-Mobile Locked (Renewed),,Samsung,Android,6 GB,Exynos 1280,2 GHz,(66),https://www.amazon.com/Samsung-A53-T-Mobile-Locked-Renewed/dp/B0BDJNVQKN/ref=sr_1_154?dib=eyJ2IjoiMSJ9.05ou8kzdu4rBUrv8zbFIqcUYI54GY4XD9faOJrB1FtShq1d7pRpEl3HoQdxZQViYZE6kBdg7ICAwv6pCZKvtQLzki88KWGxScTiggO3UmyYS-CQoWSaiVB68eN3E81Kz0irn2WqAyjZ-tzJk5MVD6MXoBNKWsaUJPthmQlEmUxWodcXxagMhefG0FRjEQHTlG7yYkiPtX_KU5yE9cgmsTyDHtfL5cikHnlGOVzYaH94.2AX9yrqJ36U4Z8rMdmawnbYbxB36RB3qoxMNxaU5zSA&dib_tag=se&keywords=samsung%2Bphone&qid=1774696548&sr=8-154&th=1
SAMSUNG A52 5G A526U 128GB Fully Unlocked Android Smartphone (Renewed),,Samsung,Android,6 GB,Snapdragon,2.2 GHz,(2484),https://www.amazon.com/Samsung-Galaxy-Display-Camera-Smartphone/dp/B09C6LMM28/ref=sr_1_153?dib=eyJ2IjoiMSJ9.05ou8kzdu4rBUrv8zbFIqcUYI54GY4XD9faOJrB1FtShq1d7pRpEl3HoQdxZQViYZE6kBdg7ICAwv6pCZKvtQLzki88KWGxScTiggO3UmyYS-CQoWSaiVB68eN3E81Kz0irn2WqAyjZ-tzJk5MVD6MXoBNKWsaUJPthmQlEmUxWodcXxagMhefG0FRjEQHTlG7yYkiPtX_KU5yE9cgmsTyDHtfL5cikHnlGOVzYaH94.2AX9yrqJ36U4Z8rMdmawnbYbxB36RB3qoxMNxaU5zSA&dib_tag=se&keywords=samsung+phone&qid=1774696548&sr=8-153
Samsung Galaxy S24 FE 5G | 128GB 8GB | 6.7 AMOLED 2X 10-Core Processor | US Model Fully Unlocked for AT&T Verizon T-Mobile Global | Fast Wireless Charger Bundle (Graphite),,Samsung,Android,8 GB,Exynos 2400E,2.66 GHz,(335),https://www.amazon.com/Processor-Unlocked-T-Mobile-Wireless-Graphite/dp/B0DTBPGNYZ/ref=sr_1_152?dib=eyJ2IjoiMSJ9.05ou8kzdu4rBUrv8zbFIqcUYI54GY4XD9faOJrB1FtShq1d7pRpEl3HoQdxZQViYZE6kBdg7ICAwv6pCZKvtQLzki88KWGxScTiggO3UmyYS-CQoWSaiVB68eN3E81Kz0irn2WqAyjZ-tzJk5MVD6MXoBNKWsaUJPthmQlEmUxWodcXxagMhefG0FRjEQHTlG7yYkiPtX_KU5yE9cgmsTyDHtfL5cikHnlGOVzYaH94.2AX9yrqJ36U4Z8rMdmawnbYbxB36RB3qoxMNxaU5zSA&dib_tag=se&keywords=samsung+phone&qid=1774696548&sr=8-152
Samsung Galaxy A03s SM-A037U 32GB 3GB RAM Boost Mobile 6.5 HD+ Display Black,,Samsung,Android 11.0,,,,(1),https://www.amazon.com/Samsung-Galaxy-SM-A037U-Mobile-Display/dp/B0FFJZD3CH/ref=sr_1_151?dib=eyJ2IjoiMSJ9.05ou8kzdu4rBUrv8zbFIqcUYI54GY4XD9faOJrB1FtShq1d7pRpEl3HoQdxZQViYZE6kBdg7ICAwv6pCZKvtQLzki88KWGxScTiggO3UmyYS-CQoWSaiVB68eN3E81Kz0irn2WqAyjZ-tzJk5MVD6MXoBNKWsaUJPthmQlEmUxWodcXxagMhefG0FRjEQHTlG7yYkiPtX_KU5yE9cgmsTyDHtfL5cikHnlGOVzYaH94.2AX9yrqJ36U4Z8rMdmawnbYbxB36RB3qoxMNxaU5zSA&dib_tag=se&keywords=samsung+phone&qid=1774696548&sr=8-151
Samsung Galaxy A6 32GB Factory Unlocked Phone - 5.6 - Black (Renewed),,Samsung,Android 8.0,8 GB,Snapdragon,1.6 GHz,(202),https://www.amazon.com/Samsung-A6-32GB-SM-A600P-Smartphone/dp/B07RLSQ1FF/ref=sr_1_150?dib=eyJ2IjoiMSJ9.05ou8kzdu4rBUrv8zbFIqcUYI54GY4XD9faOJrB1FtShq1d7pRpEl3HoQdxZQViYZE6kBdg7ICAwv6pCZKvtQLzki88KWGxScTiggO3UmyYS-CQoWSaiVB68eN3E81Kz0irn2WqAyjZ-tzJk5MVD6MXoBNKWsaUJPthmQlEmUxWodcXxagMhefG0FRjEQHTlG7yYkiPtX_KU5yE9cgmsTyDHtfL5cikHnlGOVzYaH94.2AX9yrqJ36U4Z8rMdmawnbYbxB36RB3qoxMNxaU5zSA&dib_tag=se&keywords=samsung+phone&qid=1774696548&sr=8-150
SAMSUNG Galaxy Tab A9 4G LTE (64GB 4GB Cellular) 8.7 Android Tab Octacore (6nm) Dual Speakers (International Model) X115 (w/15W Fast Charger Graphite),,Samsung,,,,,(690),https://www.amazon.com/SAMSUNG-Cellular-Octa-core-Speakers-International/dp/B0D6CJCRRF/ref=sr_1_149?dib=eyJ2IjoiMSJ9.05ou8kzdu4rBUrv8zbFIqcUYI54GY4XD9faOJrB1FtShq1d7pRpEl3HoQdxZQViYZE6kBdg7ICAwv6pCZKvtQLzki88KWGxScTiggO3UmyYS-CQoWSaiVB68eN3E81Kz0irn2WqAyjZ-tzJk5MVD6MXoBNKWsaUJPthmQlEmUxWodcXxagMhefG0FRjEQHTlG7yYkiPtX_KU5yE9cgmsTyDHtfL5cikHnlGOVzYaH94.2AX9yrqJ36U4Z8rMdmawnbYbxB36RB3qoxMNxaU5zSA&dib_tag=se&keywords=samsung+phone&qid=1774696548&sr=8-149
Tracfone | Samsung Galaxy A14 5G | Locked | 64GB | 5000mAh Battery | 50 MP triple-camera system | 6.6-in. FHD+ LCD Display | Black,,TracFone,Android 13.0,4 GB,Snapdragon,2.2 GHz,(533),https://www.amazon.com/Tracfone-Samsung-5000mAh-Battery-triple-camera/dp/B0CCT2BR1J/ref=sr_1_148?dib=eyJ2IjoiMSJ9.05ou8kzdu4rBUrv8zbFIqcUYI54GY4XD9faOJrB1FtShq1d7pRpEl3HoQdxZQViYZE6kBdg7ICAwv6pCZKvtQLzki88KWGxScTiggO3UmyYS-CQoWSaiVB68eN3E81Kz0irn2WqAyjZ-tzJk5MVD6MXoBNKWsaUJPthmQlEmUxWodcXxagMhefG0FRjEQHTlG7yYkiPtX_KU5yE9cgmsTyDHtfL5cikHnlGOVzYaH94.2AX9yrqJ36U4Z8rMdmawnbYbxB36RB3qoxMNxaU5zSA&dib_tag=se&keywords=samsung%2Bphone&qid=1774696548&sr=8-148&th=1
Samsung Galaxy S20+ Plus 5G Factory Unlocked Android Cell Phone SM-G986U US Version | 128GB | Fingerprint ID & Facial Recognition | Long-Lasting Battery (Cosmic Gray 128GB),,Samsung,android,,Snapdragon,2.8 GHz,(79),https://www.amazon.com/Unlocked-SM-G986U-Fingerprint-Recognition-Long-Lasting/dp/B08FRR54HL/ref=sr_1_147?dib=eyJ2IjoiMSJ9.05ou8kzdu4rBUrv8zbFIqcUYI54GY4XD9faOJrB1FtShq1d7pRpEl3HoQdxZQViYZE6kBdg7ICAwv6pCZKvtQLzki88KWGxScTiggO3UmyYS-CQoWSaiVB68eN3E81Kz0irn2WqAyjZ-tzJk5MVD6MXoBNKWsaUJPthmQlEmUxWodcXxagMhefG0FRjEQHTlG7yYkiPtX_KU5yE9cgmsTyDHtfL5cikHnlGOVzYaH94.2AX9yrqJ36U4Z8rMdmawnbYbxB36RB3qoxMNxaU5zSA&dib_tag=se&keywords=samsung+phone&qid=1774696548&sr=8-147
Samsung Galaxy A17 4G Ai (256GB + 8GB) Unlocked (Compatible only with T-Mobile Mint Tello & Global) SM-A175F/DS Dual Sim Warranty Latin America 6.7 50MP Triple (Black SM-A175FZKFGTO),,Samsung,android,8 GB,Cortex,2.2 GHz,(4),https://www.amazon.com/Samsung-Unlocked-Compatible-T-Mobile-SM-A175FZKFGTO/dp/B0FRYJPPPN/ref=sr_1_146?dib=eyJ2IjoiMSJ9.05ou8kzdu4rBUrv8zbFIqcUYI54GY4XD9faOJrB1FtShq1d7pRpEl3HoQdxZQViYZE6kBdg7ICAwv6pCZKvtQLzki88KWGxScTiggO3UmyYS-CQoWSaiVB68eN3E81Kz0irn2WqAyjZ-tzJk5MVD6MXoBNKWsaUJPthmQlEmUxWodcXxagMhefG0FRjEQHTlG7yYkiPtX_KU5yE9cgmsTyDHtfL5cikHnlGOVzYaH94.2AX9yrqJ36U4Z8rMdmawnbYbxB36RB3qoxMNxaU5zSA&dib_tag=se&keywords=samsung%2Bphone&qid=1774696548&sr=8-146&th=1
Samsung Galaxy S24 FE 5G 128GB (International Unlocked Black) with 25W Fast Charger + Gray Magnetic Rotating Bracket Matte Case MagSafe Compatible Translucent Cover,,Samsung,Android 14,8 GB,Exynos 2400 S5E9945,,(1),https://www.amazon.com/Samsung-S24-FE-International-Translucent/dp/B0GMYDHV91/ref=sr_1_145?dib=eyJ2IjoiMSJ9.05ou8kzdu4rBUrv8zbFIqcUYI54GY4XD9faOJrB1FtShq1d7pRpEl3HoQdxZQViYZE6kBdg7ICAwv6pCZKvtQLzki88KWGxScTiggO3UmyYS-CQoWSaiVB68eN3E81Kz0irn2WqAyjZ-tzJk5MVD6MXoBNKWsaUJPthmQlEmUxWodcXxagMhefG0FRjEQHTlG7yYkiPtX_KU5yE9cgmsTyDHtfL5cikHnlGOVzYaH94.2AX9yrqJ36U4Z8rMdmawnbYbxB36RB3qoxMNxaU5zSA&dib_tag=se&keywords=samsung%2Bphone&qid=1774696548&sr=8-145&th=1
SAMSUNG S26 Ultra USER MANUAL For Seniors 2026: Master the Tools to Optimize Your Phone's Performance Avoid Battery Drain and Create a Seamless User Experience without Technical Confusion,,,,,,,,https://www.amazon.com/SAMSUNG-Ultra-USER-MANUAL-Seniors/dp/B0GQ4JDW9N/ref=sr_1_150_sspa?dib=eyJ2IjoiMSJ9.eAHZBMIguFrZ719LJlOHz9Wc7FYabCPe7AQ_vZxvLTFLEbhJTF-ztRCISOebDyUXcG0GvnpyRKPAg_bimmiBAjtohKCmLLbvwUiJ9Wjl1M2LY4vhuvOe70Ts_lmXLhWXUa-KnaiEEWw5NaVKVFxLvFOOi6t0Yg8tdjY1B4oqTSAEknNE4uRcJQ-LExWJcs7qu7kczDf3Bb69glZ5_A0r6qtuwoTUOjkoluihuKab63k.EDjgOsN9Uu-LX5Q4iIIS4DNCFFBeC7LK6kHVQO4SKZ4&dib_tag=se&keywords=samsung+phone&qid=1774696543&sr=8-150-spons&sp_csd=d2lkZ2V0TmFtZT1zcF9idGY&psc=1
SAMSUNG S26 Ultra USER MANUAL For Beginners 2026: Master the Features Avoid Overwhelm Create Effortless Navigation Without Feeling Lost,,,,,,,,https://www.amazon.com/SAMSUNG-Ultra-USER-MANUAL-Beginners/dp/B0GQ3V66L3/ref=sr_1_149_sspa?dib=eyJ2IjoiMSJ9.eAHZBMIguFrZ719LJlOHz9Wc7FYabCPe7AQ_vZxvLTFLEbhJTF-ztRCISOebDyUXcG0GvnpyRKPAg_bimmiBAjtohKCmLLbvwUiJ9Wjl1M2LY4vhuvOe70Ts_lmXLhWXUa-KnaiEEWw5NaVKVFxLvFOOi6t0Yg8tdjY1B4oqTSAEknNE4uRcJQ-LExWJcs7qu7kczDf3Bb69glZ5_A0r6qtuwoTUOjkoluihuKab63k.EDjgOsN9Uu-LX5Q4iIIS4DNCFFBeC7LK6kHVQO4SKZ4&dib_tag=se&keywords=samsung+phone&qid=1774696543&sr=8-149-spons&sp_csd=d2lkZ2V0TmFtZT1zcF9idGY&psc=1
Samsung Type-C USB Flash Drive 256GB Transfers 4GB Files in 11 Secs w/Up to 400MB/s USB 3.2 Gen 1 Read Speeds Compatible w/USB 3.0/2.0 Waterproof 2022 Blue MUF-256DA/AM,,Samsung,,,,,(17008),https://www.amazon.com/SAMSUNG-Type-CTM-Transfers-Compatible-Waterproof/dp/B09WB2NL8W/ref=sr_1_148?dib=eyJ2IjoiMSJ9.eAHZBMIguFrZ719LJlOHz9Wc7FYabCPe7AQ_vZxvLTFLEbhJTF-ztRCISOebDyUXcG0GvnpyRKPAg_bimmiBAjtohKCmLLbvwUiJ9Wjl1M2LY4vhuvOe70Ts_lmXLhWXUa-KnaiEEWw5NaVKVFxLvFOOi6t0Yg8tdjY1B4oqTSAEknNE4uRcJQ-LExWJcs7qu7kczDf3Bb69glZ5_A0r6qtuwoTUOjkoluihuKab63k.EDjgOsN9Uu-LX5Q4iIIS4DNCFFBeC7LK6kHVQO4SKZ4&dib_tag=se&keywords=samsung%2Bphone&qid=1774696543&sr=8-148&th=1
Samsung Galaxy Z Flip6 256GB Unlocked Android Smartphone FlexCam Photo Assist Camcorder Mode Live Interpreter Foldable Design Pocket-Sized Portability 2024 US 1 Yr Warranty Silver Shadow,,Samsung,"Android 14, OneUI 6.1",12 GB,Snapdragon,3.4 GHz,(677),https://www.amazon.com/SAMSUNG-Smartphone-Camcorder-Interpreter-Manufacturer/dp/B0D195JKYD/ref=sr_1_147?dib=eyJ2IjoiMSJ9.eAHZBMIguFrZ719LJlOHz9Wc7FYabCPe7AQ_vZxvLTFLEbhJTF-ztRCISOebDyUXcG0GvnpyRKPAg_bimmiBAjtohKCmLLbvwUiJ9Wjl1M2LY4vhuvOe70Ts_lmXLhWXUa-KnaiEEWw5NaVKVFxLvFOOi6t0Yg8tdjY1B4oqTSAEknNE4uRcJQ-LExWJcs7qu7kczDf3Bb69glZ5_A0r6qtuwoTUOjkoluihuKab63k.EDjgOsN9Uu-LX5Q4iIIS4DNCFFBeC7LK6kHVQO4SKZ4&dib_tag=se&keywords=samsung%2Bphone&qid=1774696543&sr=8-147&th=1
Samsung Galaxy A15 5G (SM-A156U) | 4/64GB | for AT&T and GSM Unlocked | Blue/Black (Renewed),,Samsung,Android,,,,,https://www.amazon.com/Samsung-Galaxy-SM-A156U-Unlocked-Renewed/dp/B0G99R352K/ref=sr_1_146?dib=eyJ2IjoiMSJ9.eAHZBMIguFrZ719LJlOHz9Wc7FYabCPe7AQ_vZxvLTFLEbhJTF-ztRCISOebDyUXcG0GvnpyRKPAg_bimmiBAjtohKCmLLbvwUiJ9Wjl1M2LY4vhuvOe70Ts_lmXLhWXUa-KnaiEEWw5NaVKVFxLvFOOi6t0Yg8tdjY1B4oqTSAEknNE4uRcJQ-LExWJcs7qu7kczDf3Bb69glZ5_A0r6qtuwoTUOjkoluihuKab63k.EDjgOsN9Uu-LX5Q4iIIS4DNCFFBeC7LK6kHVQO4SKZ4&dib_tag=se&keywords=samsung+phone&qid=1774696543&sr=8-146
Samsung Galaxy Note 20 Ultra 5G 128GB Mystic Black - Fully Unlocked - SM-N986U1 (AT&T Verizon T-Mobile Global) w/Fast Wireless Charging Pad,,Samsung,Android 10.0,12 GB,Snapdragon,3.09 GHz,(70),https://www.amazon.com/Samsung-Galaxy-Ultra-128GB-Mystic/dp/B09X25MN5N/ref=sr_1_145?dib=eyJ2IjoiMSJ9.eAHZBMIguFrZ719LJlOHz9Wc7FYabCPe7AQ_vZxvLTFLEbhJTF-ztRCISOebDyUXcG0GvnpyRKPAg_bimmiBAjtohKCmLLbvwUiJ9Wjl1M2LY4vhuvOe70Ts_lmXLhWXUa-KnaiEEWw5NaVKVFxLvFOOi6t0Yg8tdjY1B4oqTSAEknNE4uRcJQ-LExWJcs7qu7kczDf3Bb69glZ5_A0r6qtuwoTUOjkoluihuKab63k.EDjgOsN9Uu-LX5Q4iIIS4DNCFFBeC7LK6kHVQO4SKZ4&dib_tag=se&keywords=samsung+phone&qid=1774696543&sr=8-145
Samsung Galaxy A51 128GB (6.5 inch) Display Quad Camera 48MP A515U T-Mobile/Sprint Unlocked Phone - Black (Renewed),,Samsung,Android 10.0,4 GB,Snapdragon,2.2 GHz,(176),https://www.amazon.com/A51-128GB-A515U-T-Mobile-Unlocked/dp/B086JYZY5T/ref=sr_1_144?dib=eyJ2IjoiMSJ9.eAHZBMIguFrZ719LJlOHz9Wc7FYabCPe7AQ_vZxvLTFLEbhJTF-ztRCISOebDyUXcG0GvnpyRKPAg_bimmiBAjtohKCmLLbvwUiJ9Wjl1M2LY4vhuvOe70Ts_lmXLhWXUa-KnaiEEWw5NaVKVFxLvFOOi6t0Yg8tdjY1B4oqTSAEknNE4uRcJQ-LExWJcs7qu7kczDf3Bb69glZ5_A0r6qtuwoTUOjkoluihuKab63k.EDjgOsN9Uu-LX5Q4iIIS4DNCFFBeC7LK6kHVQO4SKZ4&dib_tag=se&keywords=samsung+phone&qid=1774696543&sr=8-144
SAMSUNG Galaxy S22+ Plus 5G (128GB 8GB) 6.6 AMOLED 50MP 4K Camera Volte (Fully Unlocked for AT&T Verizon T-Mobile Global) S906U1 US Warranty (w/ 25W Super Fast Charge Cube Phantom Black),,Samsung,Android,8 GB,Snapdragon,2.8 GHz,(68),https://www.amazon.com/SAMSUNG-Unlocked-Verizon-T-Mobile-Phantom/dp/B0BLQ7CJD4/ref=sr_1_143?dib=eyJ2IjoiMSJ9.eAHZBMIguFrZ719LJlOHz9Wc7FYabCPe7AQ_vZxvLTFLEbhJTF-ztRCISOebDyUXcG0GvnpyRKPAg_bimmiBAjtohKCmLLbvwUiJ9Wjl1M2LY4vhuvOe70Ts_lmXLhWXUa-KnaiEEWw5NaVKVFxLvFOOi6t0Yg8tdjY1B4oqTSAEknNE4uRcJQ-LExWJcs7qu7kczDf3Bb69glZ5_A0r6qtuwoTUOjkoluihuKab63k.EDjgOsN9Uu-LX5Q4iIIS4DNCFFBeC7LK6kHVQO4SKZ4&dib_tag=se&keywords=samsung+phone&qid=1774696543&sr=8-143
Samsung Galaxy A14 5G (SM-A146U) 64GB + 4GB RAM 6.6 FHD+ Display Cricket Black Android (Renewed),,Samsung,Android,4 GB,,,(20),https://www.amazon.com/Samsung-SM-A146U-Display-Cricket-Android/dp/B0FH33SXXQ/ref=sr_1_142?dib=eyJ2IjoiMSJ9.eAHZBMIguFrZ719LJlOHz9Wc7FYabCPe7AQ_vZxvLTFLEbhJTF-ztRCISOebDyUXcG0GvnpyRKPAg_bimmiBAjtohKCmLLbvwUiJ9Wjl1M2LY4vhuvOe70Ts_lmXLhWXUa-KnaiEEWw5NaVKVFxLvFOOi6t0Yg8tdjY1B4oqTSAEknNE4uRcJQ-LExWJcs7qu7kczDf3Bb69glZ5_A0r6qtuwoTUOjkoluihuKab63k.EDjgOsN9Uu-LX5Q4iIIS4DNCFFBeC7LK6kHVQO4SKZ4&dib_tag=se&keywords=samsung+phone&qid=1774696543&sr=8-142
SAMSUNG Galaxy S21+ Plus 5G (128GB 8GB) 6.7 AMOLED 2X Snapdragon 888 Global 5G Volte (GSM + CDMA) Factory Unlocked (AT&T Verizon T-Mobile Metro) G996U (Wireless Charger Bundle Phantom Silver),,Samsung,Android 11.0,8 GB,Snapdragon,2.84 GHz,(10),https://www.amazon.com/Samsung-Snapdragon-Unlocked-T-Mobile-G996U/dp/B096MZH92X/ref=sr_1_141?dib=eyJ2IjoiMSJ9.eAHZBMIguFrZ719LJlOHz9Wc7FYabCPe7AQ_vZxvLTFLEbhJTF-ztRCISOebDyUXcG0GvnpyRKPAg_bimmiBAjtohKCmLLbvwUiJ9Wjl1M2LY4vhuvOe70Ts_lmXLhWXUa-KnaiEEWw5NaVKVFxLvFOOi6t0Yg8tdjY1B4oqTSAEknNE4uRcJQ-LExWJcs7qu7kczDf3Bb69glZ5_A0r6qtuwoTUOjkoluihuKab63k.EDjgOsN9Uu-LX5Q4iIIS4DNCFFBeC7LK6kHVQO4SKZ4&dib_tag=se&keywords=samsung+phone&qid=1774696543&sr=8-141
Samsung Galaxy Z Flip 7 User Guide: Getting Started with Your Device,,,,,,,,https://www.amazon.com/Samsung-Galaxy-Flip-User-Guide-ebook/dp/B0FVMG16B1/ref=sr_1_140_sspa?dib=eyJ2IjoiMSJ9.eAHZBMIguFrZ719LJlOHz9Wc7FYabCPe7AQ_vZxvLTFLEbhJTF-ztRCISOebDyUXcG0GvnpyRKPAg_bimmiBAjtohKCmLLbvwUiJ9Wjl1M2LY4vhuvOe70Ts_lmXLhWXUa-KnaiEEWw5NaVKVFxLvFOOi6t0Yg8tdjY1B4oqTSAEknNE4uRcJQ-LExWJcs7qu7kczDf3Bb69glZ5_A0r6qtuwoTUOjkoluihuKab63k.EDjgOsN9Uu-LX5Q4iIIS4DNCFFBeC7LK6kHVQO4SKZ4&dib_tag=se&keywords=samsung+phone&qid=1774696543&sr=8-140-spons&sp_csd=d2lkZ2V0TmFtZT1zcF9tdGY&psc=1
Samsung Galaxy S25 Ultra: A Step-by-Step Guide to Setting Up Customizing and Mastering Your Device - Perfect for Beginners Seniors and Anyone Looking to Get the Most Out of Their Phone.,,,,,,,,https://www.amazon.com/Samsung-Galaxy-Ultra-Step-Step/dp/B0F6C2995T/ref=sr_1_139_sspa?dib=eyJ2IjoiMSJ9.eAHZBMIguFrZ719LJlOHz9Wc7FYabCPe7AQ_vZxvLTFLEbhJTF-ztRCISOebDyUXcG0GvnpyRKPAg_bimmiBAjtohKCmLLbvwUiJ9Wjl1M2LY4vhuvOe70Ts_lmXLhWXUa-KnaiEEWw5NaVKVFxLvFOOi6t0Yg8tdjY1B4oqTSAEknNE4uRcJQ-LExWJcs7qu7kczDf3Bb69glZ5_A0r6qtuwoTUOjkoluihuKab63k.EDjgOsN9Uu-LX5Q4iIIS4DNCFFBeC7LK6kHVQO4SKZ4&dib_tag=se&keywords=samsung+phone&qid=1774696543&sr=8-139-spons&sp_csd=d2lkZ2V0TmFtZT1zcF9tdGY&psc=1
Samsung Galaxy S22 SM-S901U Unlocked 128GB Green Excellent,,Samsung,Android 12.0,8 GB,Snapdragon,2.8 GHz,(229),https://www.amazon.com/Samsung-Galaxy-S22-SM-S901U-Excellent/dp/B09VT82B21/ref=sr_1_138?dib=eyJ2IjoiMSJ9.eAHZBMIguFrZ719LJlOHz9Wc7FYabCPe7AQ_vZxvLTFLEbhJTF-ztRCISOebDyUXcG0GvnpyRKPAg_bimmiBAjtohKCmLLbvwUiJ9Wjl1M2LY4vhuvOe70Ts_lmXLhWXUa-KnaiEEWw5NaVKVFxLvFOOi6t0Yg8tdjY1B4oqTSAEknNE4uRcJQ-LExWJcs7qu7kczDf3Bb69glZ5_A0r6qtuwoTUOjkoluihuKab63k.EDjgOsN9Uu-LX5Q4iIIS4DNCFFBeC7LK6kHVQO4SKZ4&dib_tag=se&keywords=samsung+phone&qid=1774696543&sr=8-138
Samsung Galaxy S10+ Plus SM-G975F/DS 4G LTE International Version (No US Warranty) 128GB+8GB RAM Prism White - GSM Unlocked,,Samsung,Android 9.0,8 GB,Snapdragon,"1.95, 2.31, 2.73 GHz",(464),https://www.amazon.com/Samsung-SM-G975F-Smartphone-International-No-Warranty/dp/B07NZXBRPS/ref=sr_1_137?dib=eyJ2IjoiMSJ9.eAHZBMIguFrZ719LJlOHz9Wc7FYabCPe7AQ_vZxvLTFLEbhJTF-ztRCISOebDyUXcG0GvnpyRKPAg_bimmiBAjtohKCmLLbvwUiJ9Wjl1M2LY4vhuvOe70Ts_lmXLhWXUa-KnaiEEWw5NaVKVFxLvFOOi6t0Yg8tdjY1B4oqTSAEknNE4uRcJQ-LExWJcs7qu7kczDf3Bb69glZ5_A0r6qtuwoTUOjkoluihuKab63k.EDjgOsN9Uu-LX5Q4iIIS4DNCFFBeC7LK6kHVQO4SKZ4&dib_tag=se&keywords=samsung+phone&qid=1774696543&sr=8-137
Samsung Galaxy S22+ Plus 5G US Version 256GB Phantom White - Unlocked (Renewed),,Samsung,Android 12.0,8 GB,Others,2.8 GHz,(133),https://www.amazon.com/Samsung-Galaxy-Version-256GB-Phantom/dp/B0B6CY9FMW/ref=sr_1_136?dib=eyJ2IjoiMSJ9.eAHZBMIguFrZ719LJlOHz9Wc7FYabCPe7AQ_vZxvLTFLEbhJTF-ztRCISOebDyUXcG0GvnpyRKPAg_bimmiBAjtohKCmLLbvwUiJ9Wjl1M2LY4vhuvOe70Ts_lmXLhWXUa-KnaiEEWw5NaVKVFxLvFOOi6t0Yg8tdjY1B4oqTSAEknNE4uRcJQ-LExWJcs7qu7kczDf3Bb69glZ5_A0r6qtuwoTUOjkoluihuKab63k.EDjgOsN9Uu-LX5Q4iIIS4DNCFFBeC7LK6kHVQO4SKZ4&dib_tag=se&keywords=samsung+phone&qid=1774696543&sr=8-136
Samsung Tracfone Galaxy A03s | Locked | 32GB | 5000mAh Battery | 48MP Main Camera | 6.5-in. HD+Infinity-V Display | Black,,Samsung,Android 11.0,3 GB,1.2GHz Cortex A8 Processor,2.3 GHz,(476),https://www.amazon.com/Tracfone-Samsung-5000mAh-Battery-Infinity-V/dp/B0CHK6LWKZ/ref=sr_1_135?dib=eyJ2IjoiMSJ9.eAHZBMIguFrZ719LJlOHz9Wc7FYabCPe7AQ_vZxvLTFLEbhJTF-ztRCISOebDyUXcG0GvnpyRKPAg_bimmiBAjtohKCmLLbvwUiJ9Wjl1M2LY4vhuvOe70Ts_lmXLhWXUa-KnaiEEWw5NaVKVFxLvFOOi6t0Yg8tdjY1B4oqTSAEknNE4uRcJQ-LExWJcs7qu7kczDf3Bb69glZ5_A0r6qtuwoTUOjkoluihuKab63k.EDjgOsN9Uu-LX5Q4iIIS4DNCFFBeC7LK6kHVQO4SKZ4&dib_tag=se&keywords=samsung+phone&qid=1774696543&sr=8-135
Samsung Galaxy Z Flip7 FE Cell Phone 256GB AI Smartphone Unlocked Android Long Battery Life 2025 Black (Renewed),,Samsung,"Android 16, OneUI 8",,,,(3),https://www.amazon.com/Samsung-Smartphone-Unlocked-Android-Battery/dp/B0FQ7VHL2L/ref=sr_1_134?dib=eyJ2IjoiMSJ9.eAHZBMIguFrZ719LJlOHz9Wc7FYabCPe7AQ_vZxvLTFLEbhJTF-ztRCISOebDyUXcG0GvnpyRKPAg_bimmiBAjtohKCmLLbvwUiJ9Wjl1M2LY4vhuvOe70Ts_lmXLhWXUa-KnaiEEWw5NaVKVFxLvFOOi6t0Yg8tdjY1B4oqTSAEknNE4uRcJQ-LExWJcs7qu7kczDf3Bb69glZ5_A0r6qtuwoTUOjkoluihuKab63k.EDjgOsN9Uu-LX5Q4iIIS4DNCFFBeC7LK6kHVQO4SKZ4&dib_tag=se&keywords=samsung+phone&qid=1774696543&sr=8-134
Samsung Galaxy Note 20 Ultra 5G 128GB - Mystic Black - Unlocked for All GSM Carriers (Renewed),,Samsung,Android 10.0,12 GB,1.2GHz Cortex A8 Processor,3.4 MHz,(295),https://www.amazon.com/Samsung-Galaxy-Note-Ultra-128GB/dp/B0BQDVS5C5/ref=sr_1_133?dib=eyJ2IjoiMSJ9.eAHZBMIguFrZ719LJlOHz9Wc7FYabCPe7AQ_vZxvLTFLEbhJTF-ztRCISOebDyUXcG0GvnpyRKPAg_bimmiBAjtohKCmLLbvwUiJ9Wjl1M2LY4vhuvOe70Ts_lmXLhWXUa-KnaiEEWw5NaVKVFxLvFOOi6t0Yg8tdjY1B4oqTSAEknNE4uRcJQ-LExWJcs7qu7kczDf3Bb69glZ5_A0r6qtuwoTUOjkoluihuKab63k.EDjgOsN9Uu-LX5Q4iIIS4DNCFFBeC7LK6kHVQO4SKZ4&dib_tag=se&keywords=samsung+phone&qid=1774696543&sr=8-133
SAMSUNG Galaxy S22 Cell Phone Factory Unlocked 128GB (Renewed) Black,,Samsung,Android 12.0,8 GB,Qualcomm Snapdragon S1 MSM7225,2.2 GHz,(140),https://www.amazon.com/SAMSUNG-Galaxy-Factory-Unlocked-Renewed/dp/B0D2BL839T/ref=sr_1_132?dib=eyJ2IjoiMSJ9.eAHZBMIguFrZ719LJlOHz9Wc7FYabCPe7AQ_vZxvLTFLEbhJTF-ztRCISOebDyUXcG0GvnpyRKPAg_bimmiBAjtohKCmLLbvwUiJ9Wjl1M2LY4vhuvOe70Ts_lmXLhWXUa-KnaiEEWw5NaVKVFxLvFOOi6t0Yg8tdjY1B4oqTSAEknNE4uRcJQ-LExWJcs7qu7kczDf3Bb69glZ5_A0r6qtuwoTUOjkoluihuKab63k.EDjgOsN9Uu-LX5Q4iIIS4DNCFFBeC7LK6kHVQO4SKZ4&dib_tag=se&keywords=samsung+phone&qid=1774696543&sr=8-132
Samsung Galaxy S20 Ultra 5G (128GB 12GB RAM) 6.9 AMOLED 2X Snapdragon 865 108MP Quad Camera Global 5G Volte (GSM+CDMA) AT&T Unlocked (T-Mobile Verizon Global Metro) G988U (Renewed),,Samsung,Android,12 GB,Snapdragon,2.8 GHz,(320),https://www.amazon.com/Samsung-Snapdragon-Unlocked-T-Mobile-Verizon/dp/B09352C4XY/ref=sr_1_131?dib=eyJ2IjoiMSJ9.eAHZBMIguFrZ719LJlOHz9Wc7FYabCPe7AQ_vZxvLTFLEbhJTF-ztRCISOebDyUXcG0GvnpyRKPAg_bimmiBAjtohKCmLLbvwUiJ9Wjl1M2LY4vhuvOe70Ts_lmXLhWXUa-KnaiEEWw5NaVKVFxLvFOOi6t0Yg8tdjY1B4oqTSAEknNE4uRcJQ-LExWJcs7qu7kczDf3Bb69glZ5_A0r6qtuwoTUOjkoluihuKab63k.EDjgOsN9Uu-LX5Q4iIIS4DNCFFBeC7LK6kHVQO4SKZ4&dib_tag=se&keywords=samsung+phone&qid=1774696543&sr=8-131
Samsung Galaxy S26 Ultra User Guide for Seniors and Beginners: Simple Step-by-Step Manual to Setup Configure and Master Your Phone Camera and AI Features,,,,,,,(4),https://www.amazon.com/Samsung-Galaxy-Ultra-Seniors-Beginners/dp/B0FYR6JLLK/ref=sr_1_130_sspa?dib=eyJ2IjoiMSJ9.eAHZBMIguFrZ719LJlOHz9Wc7FYabCPe7AQ_vZxvLTFLEbhJTF-ztRCISOebDyUXcG0GvnpyRKPAg_bimmiBAjtohKCmLLbvwUiJ9Wjl1M2LY4vhuvOe70Ts_lmXLhWXUa-KnaiEEWw5NaVKVFxLvFOOi6t0Yg8tdjY1B4oqTSAEknNE4uRcJQ-LExWJcs7qu7kczDf3Bb69glZ5_A0r6qtuwoTUOjkoluihuKab63k.EDjgOsN9Uu-LX5Q4iIIS4DNCFFBeC7LK6kHVQO4SKZ4&dib_tag=se&keywords=samsung+phone&qid=1774696543&sr=8-130-spons&sp_csd=d2lkZ2V0TmFtZT1zcF9hdGZfbmV4dA&psc=1
Decode the Samsung Galaxy S25 S25+ and S25 Ultra: Navigating the 2025 Galaxy Phone and One UI 7,,,,,,,(5),https://www.amazon.com/Decode-Samsung-Galaxy-S25-Ultra/dp/B0DXD8JHFZ/ref=sr_1_129_sspa?dib=eyJ2IjoiMSJ9.eAHZBMIguFrZ719LJlOHz9Wc7FYabCPe7AQ_vZxvLTFLEbhJTF-ztRCISOebDyUXcG0GvnpyRKPAg_bimmiBAjtohKCmLLbvwUiJ9Wjl1M2LY4vhuvOe70Ts_lmXLhWXUa-KnaiEEWw5NaVKVFxLvFOOi6t0Yg8tdjY1B4oqTSAEknNE4uRcJQ-LExWJcs7qu7kczDf3Bb69glZ5_A0r6qtuwoTUOjkoluihuKab63k.EDjgOsN9Uu-LX5Q4iIIS4DNCFFBeC7LK6kHVQO4SKZ4&dib_tag=se&keywords=samsung+phone&qid=1774696543&sr=8-129-spons&sp_csd=d2lkZ2V0TmFtZT1zcF9hdGZfbmV4dA&psc=1
SAMSUNG S26 Ultra USER MANUAL For Seniors 2026: Master the Tools to Optimize Your Phone's Performance Avoid Battery Drain and Create a Seamless User Experience without Technical Confusion,,,,,,,,https://www.amazon.com/SAMSUNG-Ultra-USER-MANUAL-Seniors/dp/B0GQ4JDW9N/ref=sr_1_134_sspa?dib=eyJ2IjoiMSJ9.-YNvDZ-ZE4kgR1YL6GW7B2Zv5Zkv49TlzG_Ezptv3Wg3shUqXRQOPnGXlud25_Caa2GTApxMSByZGzeG-6uHCjek8calXjWNDMOdOj9QCjv38H8Y6oqkPuFv8l7VelMZrPpXJXaRBxlGhPopCoTPktxML7_7bYsxRUkcCIeggNkkmVPlYvuVnvPhikDFP5sf8Z1C-uaNqqK9dkownvaCX7ozExif2eakDMhQ1YTqOHw.Z8hnoREzE8uK7aaXhWjRwCKexWLKSUHNXAGKYDkCKVs&dib_tag=se&keywords=samsung+phone&qid=1774696538&sr=8-134-spons&sp_csd=d2lkZ2V0TmFtZT1zcF9idGY&psc=1
Samsung Galaxy S25 Ultra: A Step-by-Step Guide to Setting Up Customizing and Mastering Your Device - Perfect for Beginners Seniors and Anyone Looking to Get the Most Out of Their Phone.,,,,,,,,https://www.amazon.com/Samsung-Galaxy-Ultra-Step-Step/dp/B0F6C2995T/ref=sr_1_133_sspa?dib=eyJ2IjoiMSJ9.-YNvDZ-ZE4kgR1YL6GW7B2Zv5Zkv49TlzG_Ezptv3Wg3shUqXRQOPnGXlud25_Caa2GTApxMSByZGzeG-6uHCjek8calXjWNDMOdOj9QCjv38H8Y6oqkPuFv8l7VelMZrPpXJXaRBxlGhPopCoTPktxML7_7bYsxRUkcCIeggNkkmVPlYvuVnvPhikDFP5sf8Z1C-uaNqqK9dkownvaCX7ozExif2eakDMhQ1YTqOHw.Z8hnoREzE8uK7aaXhWjRwCKexWLKSUHNXAGKYDkCKVs&dib_tag=se&keywords=samsung+phone&qid=1774696538&sr=8-133-spons&sp_csd=d2lkZ2V0TmFtZT1zcF9idGY&psc=1
Samsung Galaxy S22 Ultra 5G Factory Unlocked Android Smartphone 256GB 8K Camera 120Hz Refresh Rate S Pen Long Battery Life Fast Processor US Version Phantom Black (Renewed),,Samsung,Android,,Snapdragon,,(311),https://www.amazon.com/Samsung-Smartphone-Unlocked-Brightest-Processor/dp/B09VVYXLPZ/ref=sr_1_132?dib=eyJ2IjoiMSJ9.-YNvDZ-ZE4kgR1YL6GW7B2Zv5Zkv49TlzG_Ezptv3Wg3shUqXRQOPnGXlud25_Caa2GTApxMSByZGzeG-6uHCjek8calXjWNDMOdOj9QCjv38H8Y6oqkPuFv8l7VelMZrPpXJXaRBxlGhPopCoTPktxML7_7bYsxRUkcCIeggNkkmVPlYvuVnvPhikDFP5sf8Z1C-uaNqqK9dkownvaCX7ozExif2eakDMhQ1YTqOHw.Z8hnoREzE8uK7aaXhWjRwCKexWLKSUHNXAGKYDkCKVs&dib_tag=se&keywords=samsung+phone&qid=1774696538&sr=8-132
Samsung Galaxy Z Flip 4 5G US Version 128GB Bora Purple - Unlocked (Renewed),,Samsung,Android,8 GB,Snapdragon,2.75 GHz,(3052),https://www.amazon.com/SAMSUNG-Galaxy-Flip-Version-Purple/dp/B0BKTP5XGT/ref=sr_1_131?dib=eyJ2IjoiMSJ9.-YNvDZ-ZE4kgR1YL6GW7B2Zv5Zkv49TlzG_Ezptv3Wg3shUqXRQOPnGXlud25_Caa2GTApxMSByZGzeG-6uHCjek8calXjWNDMOdOj9QCjv38H8Y6oqkPuFv8l7VelMZrPpXJXaRBxlGhPopCoTPktxML7_7bYsxRUkcCIeggNkkmVPlYvuVnvPhikDFP5sf8Z1C-uaNqqK9dkownvaCX7ozExif2eakDMhQ1YTqOHw.Z8hnoREzE8uK7aaXhWjRwCKexWLKSUHNXAGKYDkCKVs&dib_tag=se&keywords=samsung%2Bphone&qid=1774696538&sr=8-131&th=1
Samsung Galaxy A16 5G (SM-A166U) 128GB + 4GB RAM 6.5 HD+ Display AT&T Prepaid Blue Android 14,,Samsung,Android 14,4 GB,Exynos 1330 S5E8535,2 GHz,(2),https://www.amazon.com/Samsung-SM-A166U-Display-Prepaid-Android/dp/B0FC7L8P7B/ref=sr_1_130?dib=eyJ2IjoiMSJ9.-YNvDZ-ZE4kgR1YL6GW7B2Zv5Zkv49TlzG_Ezptv3Wg3shUqXRQOPnGXlud25_Caa2GTApxMSByZGzeG-6uHCjek8calXjWNDMOdOj9QCjv38H8Y6oqkPuFv8l7VelMZrPpXJXaRBxlGhPopCoTPktxML7_7bYsxRUkcCIeggNkkmVPlYvuVnvPhikDFP5sf8Z1C-uaNqqK9dkownvaCX7ozExif2eakDMhQ1YTqOHw.Z8hnoREzE8uK7aaXhWjRwCKexWLKSUHNXAGKYDkCKVs&dib_tag=se&keywords=samsung+phone&qid=1774696538&sr=8-130
SAMSUNG Galaxy S23+ Plus 5G Factory Unlocked 512GB - Phantom Black (Renewed),,Samsung,Android,8 GB,Snapdragon,3.36 GHz,(61),https://www.amazon.com/SAMSUNG-Galaxy-Factory-Unlocked-512GB/dp/B0C7D32QD5/ref=sr_1_129?dib=eyJ2IjoiMSJ9.-YNvDZ-ZE4kgR1YL6GW7B2Zv5Zkv49TlzG_Ezptv3Wg3shUqXRQOPnGXlud25_Caa2GTApxMSByZGzeG-6uHCjek8calXjWNDMOdOj9QCjv38H8Y6oqkPuFv8l7VelMZrPpXJXaRBxlGhPopCoTPktxML7_7bYsxRUkcCIeggNkkmVPlYvuVnvPhikDFP5sf8Z1C-uaNqqK9dkownvaCX7ozExif2eakDMhQ1YTqOHw.Z8hnoREzE8uK7aaXhWjRwCKexWLKSUHNXAGKYDkCKVs&dib_tag=se&keywords=samsung+phone&qid=1774696538&sr=8-129
SAMSUNG Galaxy S22 5G SM-S901B/DS 128GB 8GB Dual SIM Factory Unlocked GSM Smartphone - International Version (Phantom Black),,Samsung,Android 12.0,8 GB,Qualcomm Snapdragon MSM8260A,,(359),https://www.amazon.com/SAMSUNG-SM-S901B-Factory-Unlocked-Smartphone/dp/B09QLCJS8K/ref=sr_1_128?dib=eyJ2IjoiMSJ9.-YNvDZ-ZE4kgR1YL6GW7B2Zv5Zkv49TlzG_Ezptv3Wg3shUqXRQOPnGXlud25_Caa2GTApxMSByZGzeG-6uHCjek8calXjWNDMOdOj9QCjv38H8Y6oqkPuFv8l7VelMZrPpXJXaRBxlGhPopCoTPktxML7_7bYsxRUkcCIeggNkkmVPlYvuVnvPhikDFP5sf8Z1C-uaNqqK9dkownvaCX7ozExif2eakDMhQ1YTqOHw.Z8hnoREzE8uK7aaXhWjRwCKexWLKSUHNXAGKYDkCKVs&dib_tag=se&keywords=samsung+phone&qid=1774696538&sr=8-128
Samsung Galaxy S25 Edge Phone 256 GB AI Smartphone Unlocked Android Night Video Fast Processor ProScaler Display All-Day Battery 2025 US 1 Yr Manufacturer Warranty Titanium JetBlack (Renewed),,Samsung,"Android 15, One UI 7",12 GB,Snapdragon 8 Elite,,(58),https://www.amazon.com/Samsung-S25-Edge-Smartphone-Manufacturer/dp/B0FHJ65TGS/ref=sr_1_127?dib=eyJ2IjoiMSJ9.-YNvDZ-ZE4kgR1YL6GW7B2Zv5Zkv49TlzG_Ezptv3Wg3shUqXRQOPnGXlud25_Caa2GTApxMSByZGzeG-6uHCjek8calXjWNDMOdOj9QCjv38H8Y6oqkPuFv8l7VelMZrPpXJXaRBxlGhPopCoTPktxML7_7bYsxRUkcCIeggNkkmVPlYvuVnvPhikDFP5sf8Z1C-uaNqqK9dkownvaCX7ozExif2eakDMhQ1YTqOHw.Z8hnoREzE8uK7aaXhWjRwCKexWLKSUHNXAGKYDkCKVs&dib_tag=se&keywords=samsung%2Bphone&qid=1774696538&sr=8-127&th=1
SAMSUNG Galaxy S21 128GB Grey New Factory Unlocked,,Samsung,Android 11.0,8 GB,1.2GHz Cortex A13 Processor,3.4 GHz,(64),https://www.amazon.com/SAMSUNG-Galaxy-128GB-Factory-Unlocked/dp/B0C1HRF327/ref=sr_1_126?dib=eyJ2IjoiMSJ9.-YNvDZ-ZE4kgR1YL6GW7B2Zv5Zkv49TlzG_Ezptv3Wg3shUqXRQOPnGXlud25_Caa2GTApxMSByZGzeG-6uHCjek8calXjWNDMOdOj9QCjv38H8Y6oqkPuFv8l7VelMZrPpXJXaRBxlGhPopCoTPktxML7_7bYsxRUkcCIeggNkkmVPlYvuVnvPhikDFP5sf8Z1C-uaNqqK9dkownvaCX7ozExif2eakDMhQ1YTqOHw.Z8hnoREzE8uK7aaXhWjRwCKexWLKSUHNXAGKYDkCKVs&dib_tag=se&keywords=samsung+phone&qid=1774696538&sr=8-126
Samsung Galaxy S21 Ultra 5G US Version 128GB Phantom Black- for CDMA Carriers (Renewed),,Samsung,Android,12 GB,Snapdragon,2.42 GHz,(2312),https://www.amazon.com/Galaxy-S21-Ultra-5G-SM-G998UZKAXAA/dp/B0939K5M9Q/ref=sr_1_125?dib=eyJ2IjoiMSJ9.-YNvDZ-ZE4kgR1YL6GW7B2Zv5Zkv49TlzG_Ezptv3Wg3shUqXRQOPnGXlud25_Caa2GTApxMSByZGzeG-6uHCjek8calXjWNDMOdOj9QCjv38H8Y6oqkPuFv8l7VelMZrPpXJXaRBxlGhPopCoTPktxML7_7bYsxRUkcCIeggNkkmVPlYvuVnvPhikDFP5sf8Z1C-uaNqqK9dkownvaCX7ozExif2eakDMhQ1YTqOHw.Z8hnoREzE8uK7aaXhWjRwCKexWLKSUHNXAGKYDkCKVs&dib_tag=se&keywords=samsung+phone&qid=1774696538&sr=8-125
SAMSUNG S26 Ultra USER MANUAL For Beginners 2026: Master the Features Avoid Overwhelm Create Effortless Navigation Without Feeling Lost,,,,,,,,https://www.amazon.com/SAMSUNG-Ultra-USER-MANUAL-Beginners/dp/B0GQ3V66L3/ref=sr_1_124_sspa?dib=eyJ2IjoiMSJ9.-YNvDZ-ZE4kgR1YL6GW7B2Zv5Zkv49TlzG_Ezptv3Wg3shUqXRQOPnGXlud25_Caa2GTApxMSByZGzeG-6uHCjek8calXjWNDMOdOj9QCjv38H8Y6oqkPuFv8l7VelMZrPpXJXaRBxlGhPopCoTPktxML7_7bYsxRUkcCIeggNkkmVPlYvuVnvPhikDFP5sf8Z1C-uaNqqK9dkownvaCX7ozExif2eakDMhQ1YTqOHw.Z8hnoREzE8uK7aaXhWjRwCKexWLKSUHNXAGKYDkCKVs&dib_tag=se&keywords=samsung+phone&qid=1774696538&sr=8-124-spons&sp_csd=d2lkZ2V0TmFtZT1zcF9tdGY&psc=1
Samsung Galaxy Z Flip 7 User Guide: Getting Started with Your Device,,,,,,,,https://www.amazon.com/Samsung-Galaxy-Flip-User-Guide-ebook/dp/B0FVMG16B1/ref=sr_1_123_sspa?dib=eyJ2IjoiMSJ9.-YNvDZ-ZE4kgR1YL6GW7B2Zv5Zkv49TlzG_Ezptv3Wg3shUqXRQOPnGXlud25_Caa2GTApxMSByZGzeG-6uHCjek8calXjWNDMOdOj9QCjv38H8Y6oqkPuFv8l7VelMZrPpXJXaRBxlGhPopCoTPktxML7_7bYsxRUkcCIeggNkkmVPlYvuVnvPhikDFP5sf8Z1C-uaNqqK9dkownvaCX7ozExif2eakDMhQ1YTqOHw.Z8hnoREzE8uK7aaXhWjRwCKexWLKSUHNXAGKYDkCKVs&dib_tag=se&keywords=samsung+phone&qid=1774696538&sr=8-123-spons&sp_csd=d2lkZ2V0TmFtZT1zcF9tdGY&psc=1
Tracfone Samsung Galaxy A15 5G 128GB Prepaid Smartphone Black 50MP Main Camera Locked,,TracFone,Android 14,4 GB,MediaTek Helio,2.2 GHz,(307),https://www.amazon.com/Tracfone-Samsung-5000mAh-Battery-Display/dp/B0CTN3DMK7/ref=sr_1_122?dib=eyJ2IjoiMSJ9.-YNvDZ-ZE4kgR1YL6GW7B2Zv5Zkv49TlzG_Ezptv3Wg3shUqXRQOPnGXlud25_Caa2GTApxMSByZGzeG-6uHCjek8calXjWNDMOdOj9QCjv38H8Y6oqkPuFv8l7VelMZrPpXJXaRBxlGhPopCoTPktxML7_7bYsxRUkcCIeggNkkmVPlYvuVnvPhikDFP5sf8Z1C-uaNqqK9dkownvaCX7ozExif2eakDMhQ1YTqOHw.Z8hnoREzE8uK7aaXhWjRwCKexWLKSUHNXAGKYDkCKVs&dib_tag=se&keywords=samsung%2Bphone&qid=1774696538&sr=8-122&th=1
Samsung Galaxy A53 5G A Series Cell Phone Factory Unlocked Android Smartphone 128GB 6.5” FHD Super AMOLED Screen Long Battery Life US Version Black (Renewed),,Samsung,Android,6 GB,Exynos 1280,2 GHz,(771),https://www.amazon.com/SAMSUNG-Smartphone-Unlocked-Android-Battery/dp/B09XP9FX25/ref=sr_1_121?dib=eyJ2IjoiMSJ9.-YNvDZ-ZE4kgR1YL6GW7B2Zv5Zkv49TlzG_Ezptv3Wg3shUqXRQOPnGXlud25_Caa2GTApxMSByZGzeG-6uHCjek8calXjWNDMOdOj9QCjv38H8Y6oqkPuFv8l7VelMZrPpXJXaRBxlGhPopCoTPktxML7_7bYsxRUkcCIeggNkkmVPlYvuVnvPhikDFP5sf8Z1C-uaNqqK9dkownvaCX7ozExif2eakDMhQ1YTqOHw.Z8hnoREzE8uK7aaXhWjRwCKexWLKSUHNXAGKYDkCKVs&dib_tag=se&keywords=samsung+phone&qid=1774696538&sr=8-121
Samsung Galaxy A17 4G Ai (128GB + 4GB) Unlocked (Compatible only with T-Mobile Mint Tello & Global) SM-A175F/DS Dual Sim Warranty Latin America 6.7 50MP Triple (Light Blue SM-A175FLBFGTO),,Samsung,Android 15,8 GB,MediaTek Helio,2.2 GHz,(15),https://www.amazon.com/Samsung-Compatible-SM-A175F-DS-SM-A175FLBFGTO/dp/B0FRN7T6R2/ref=sr_1_120?dib=eyJ2IjoiMSJ9.-YNvDZ-ZE4kgR1YL6GW7B2Zv5Zkv49TlzG_Ezptv3Wg3shUqXRQOPnGXlud25_Caa2GTApxMSByZGzeG-6uHCjek8calXjWNDMOdOj9QCjv38H8Y6oqkPuFv8l7VelMZrPpXJXaRBxlGhPopCoTPktxML7_7bYsxRUkcCIeggNkkmVPlYvuVnvPhikDFP5sf8Z1C-uaNqqK9dkownvaCX7ozExif2eakDMhQ1YTqOHw.Z8hnoREzE8uK7aaXhWjRwCKexWLKSUHNXAGKYDkCKVs&dib_tag=se&keywords=samsung%2Bphone&qid=1774696538&sr=8-120&th=1
Samsung Galaxy A52 (5G) 128GB A526U (T-Mobile/Sprint Unlocked) 6.5 Display Quad Camera Smartphone - Black (Renewed),,Samsung,Android,6 GB,Snapdragon,2.2 GHz,(540),https://www.amazon.com/Samsung-T-Mobile-Unlocked-Display-Smartphone/dp/B093WYVSX2/ref=sr_1_119?dib=eyJ2IjoiMSJ9.-YNvDZ-ZE4kgR1YL6GW7B2Zv5Zkv49TlzG_Ezptv3Wg3shUqXRQOPnGXlud25_Caa2GTApxMSByZGzeG-6uHCjek8calXjWNDMOdOj9QCjv38H8Y6oqkPuFv8l7VelMZrPpXJXaRBxlGhPopCoTPktxML7_7bYsxRUkcCIeggNkkmVPlYvuVnvPhikDFP5sf8Z1C-uaNqqK9dkownvaCX7ozExif2eakDMhQ1YTqOHw.Z8hnoREzE8uK7aaXhWjRwCKexWLKSUHNXAGKYDkCKVs&dib_tag=se&keywords=samsung+phone&qid=1774696538&sr=8-119
Samsung Galaxy S22 Smartphone 128GB T-Mobile - Phantom Black (Renewed),,Samsung,Android 12.0,8 GB,Snapdragon,2.8E+3 MHz,(272),https://www.amazon.com/Samsung-Galaxy-S22-Smartphone-T-Mobile/dp/B0B2X796SX/ref=sr_1_118?dib=eyJ2IjoiMSJ9.-YNvDZ-ZE4kgR1YL6GW7B2Zv5Zkv49TlzG_Ezptv3Wg3shUqXRQOPnGXlud25_Caa2GTApxMSByZGzeG-6uHCjek8calXjWNDMOdOj9QCjv38H8Y6oqkPuFv8l7VelMZrPpXJXaRBxlGhPopCoTPktxML7_7bYsxRUkcCIeggNkkmVPlYvuVnvPhikDFP5sf8Z1C-uaNqqK9dkownvaCX7ozExif2eakDMhQ1YTqOHw.Z8hnoREzE8uK7aaXhWjRwCKexWLKSUHNXAGKYDkCKVs&dib_tag=se&keywords=samsung+phone&qid=1774696538&sr=8-118
SAMSUNG Galaxy S23 5G Factory Unlocked 128GB - Lavender (Renewed),,Samsung,Android,8 GB,Snapdragon,3.36 GHz,(431),https://www.amazon.com/SAMSUNG-Galaxy-S23-Factory-Unlocked/dp/B0C5PZKN47/ref=sr_1_117?dib=eyJ2IjoiMSJ9.-YNvDZ-ZE4kgR1YL6GW7B2Zv5Zkv49TlzG_Ezptv3Wg3shUqXRQOPnGXlud25_Caa2GTApxMSByZGzeG-6uHCjek8calXjWNDMOdOj9QCjv38H8Y6oqkPuFv8l7VelMZrPpXJXaRBxlGhPopCoTPktxML7_7bYsxRUkcCIeggNkkmVPlYvuVnvPhikDFP5sf8Z1C-uaNqqK9dkownvaCX7ozExif2eakDMhQ1YTqOHw.Z8hnoREzE8uK7aaXhWjRwCKexWLKSUHNXAGKYDkCKVs&dib_tag=se&keywords=samsung+phone&qid=1774696538&sr=8-117
Samsung Galaxy J3 J327 (2017) 4G LTE Unlocked Smartphone 16GB Storage 2GB RAM Black (Renewed),,Samsung,Android 7.0,2 GB,1.2GHz Cortex A13 Processor,1.4 GHz,(1),https://www.amazon.com/Samsung-Unlocked-Smartphone-Storage-Renewed/dp/B0FTF1S7K6/ref=sr_1_116?dib=eyJ2IjoiMSJ9.-YNvDZ-ZE4kgR1YL6GW7B2Zv5Zkv49TlzG_Ezptv3Wg3shUqXRQOPnGXlud25_Caa2GTApxMSByZGzeG-6uHCjek8calXjWNDMOdOj9QCjv38H8Y6oqkPuFv8l7VelMZrPpXJXaRBxlGhPopCoTPktxML7_7bYsxRUkcCIeggNkkmVPlYvuVnvPhikDFP5sf8Z1C-uaNqqK9dkownvaCX7ozExif2eakDMhQ1YTqOHw.Z8hnoREzE8uK7aaXhWjRwCKexWLKSUHNXAGKYDkCKVs&dib_tag=se&keywords=samsung+phone&qid=1774696538&sr=8-116
Samsung Galaxy Z Flip3 (5G) 128GB Unlocked - Phantom Black (Renewed),,Samsung,Android,8 GB,Others,2.84 GHz,(5620),https://www.amazon.com/Samsung-Galaxy-Flip3-5G-Unlocked/dp/B0B4BLQQDB/ref=sr_1_115?dib=eyJ2IjoiMSJ9.-YNvDZ-ZE4kgR1YL6GW7B2Zv5Zkv49TlzG_Ezptv3Wg3shUqXRQOPnGXlud25_Caa2GTApxMSByZGzeG-6uHCjek8calXjWNDMOdOj9QCjv38H8Y6oqkPuFv8l7VelMZrPpXJXaRBxlGhPopCoTPktxML7_7bYsxRUkcCIeggNkkmVPlYvuVnvPhikDFP5sf8Z1C-uaNqqK9dkownvaCX7ozExif2eakDMhQ1YTqOHw.Z8hnoREzE8uK7aaXhWjRwCKexWLKSUHNXAGKYDkCKVs&dib_tag=se&keywords=samsung%2Bphone&qid=1774696538&sr=8-115&th=1
Samsung Galaxy S26 Ultra User Guide for Seniors and Beginners: Simple Step-by-Step Manual to Setup Configure and Master Your Phone Camera and AI Features,,,,,,,(4),https://www.amazon.com/Samsung-Galaxy-Ultra-Seniors-Beginners/dp/B0FYR6JLLK/ref=sr_1_114_sspa?dib=eyJ2IjoiMSJ9.-YNvDZ-ZE4kgR1YL6GW7B2Zv5Zkv49TlzG_Ezptv3Wg3shUqXRQOPnGXlud25_Caa2GTApxMSByZGzeG-6uHCjek8calXjWNDMOdOj9QCjv38H8Y6oqkPuFv8l7VelMZrPpXJXaRBxlGhPopCoTPktxML7_7bYsxRUkcCIeggNkkmVPlYvuVnvPhikDFP5sf8Z1C-uaNqqK9dkownvaCX7ozExif2eakDMhQ1YTqOHw.Z8hnoREzE8uK7aaXhWjRwCKexWLKSUHNXAGKYDkCKVs&dib_tag=se&keywords=samsung+phone&qid=1774696538&sr=8-114-spons&sp_csd=d2lkZ2V0TmFtZT1zcF9hdGZfbmV4dA&psc=1
Decode the Samsung Galaxy S25 S25+ and S25 Ultra: Navigating the 2025 Galaxy Phone and One UI 7,,,,,,,(5),https://www.amazon.com/Decode-Samsung-Galaxy-S25-Ultra/dp/B0DXD8JHFZ/ref=sr_1_113_sspa?dib=eyJ2IjoiMSJ9.-YNvDZ-ZE4kgR1YL6GW7B2Zv5Zkv49TlzG_Ezptv3Wg3shUqXRQOPnGXlud25_Caa2GTApxMSByZGzeG-6uHCjek8calXjWNDMOdOj9QCjv38H8Y6oqkPuFv8l7VelMZrPpXJXaRBxlGhPopCoTPktxML7_7bYsxRUkcCIeggNkkmVPlYvuVnvPhikDFP5sf8Z1C-uaNqqK9dkownvaCX7ozExif2eakDMhQ1YTqOHw.Z8hnoREzE8uK7aaXhWjRwCKexWLKSUHNXAGKYDkCKVs&dib_tag=se&keywords=samsung+phone&qid=1774696538&sr=8-113-spons&sp_csd=d2lkZ2V0TmFtZT1zcF9hdGZfbmV4dA&psc=1
SAMSUNG Galaxy S25+ Cell Phone 256GB AI Smartphone Unlocked Android AI Camera Fast Processor ProScaler Display Long Battery Life 2025 Mint (Renewed),,Samsung,Android,12 GB,Snapdragon,4.47 GHz,(337),https://www.amazon.com/SAMSUNG-Smartphone-Unlocked-Processor-ProScaler/dp/B0F3B9MQZQ/ref=sr_1_112?dib=eyJ2IjoiMSJ9.1y1VBRarxgbu1V-I6-qL_nia7wRKbP0FX9An_-Om3IrTEFsyRfwzKXJhXZcA_Zuq50JIyqLldOkKEGwetRPyjmksUPGd9L9h7WILz3gF7DAXSaaG4XVyAjJZl3BOp0AScG9ePZXzd5MuUVn_L-fLuJhhXJN4G6muorBzFIGOkslUR5Yl2B1wS8JszanqHmKIguGqC1fcI7NCMgFoL0oGabZHudjyCin1AsxDnQkBfhw.sXla0qOMfMwEPUz7AAfY1rUPoI5KKsFFG7V3tAwN4LI&dib_tag=se&keywords=samsung%2Bphone&qid=1774696533&sr=8-112&th=1
SAMSUNG Galaxy S20+ 5G (128GB 12GB) 6.7 120Hz AMOLED Snapdragon 865 IP68 Water-Resistant Fully Unlocked US Model (AT&T Verizon T-Mobile Global) SM-G986U1 (w/Fast Wireless Charge Pad Black),,Samsung,Android 10.0,12 GB,Snapdragon,2.84 GHz,(445),https://www.amazon.com/Snapdragon-Water-Resistant-Unlocked-T-Mobile-SM-G986U1/dp/B09TN9RXFW/ref=sr_1_111?dib=eyJ2IjoiMSJ9.1y1VBRarxgbu1V-I6-qL_nia7wRKbP0FX9An_-Om3IrTEFsyRfwzKXJhXZcA_Zuq50JIyqLldOkKEGwetRPyjmksUPGd9L9h7WILz3gF7DAXSaaG4XVyAjJZl3BOp0AScG9ePZXzd5MuUVn_L-fLuJhhXJN4G6muorBzFIGOkslUR5Yl2B1wS8JszanqHmKIguGqC1fcI7NCMgFoL0oGabZHudjyCin1AsxDnQkBfhw.sXla0qOMfMwEPUz7AAfY1rUPoI5KKsFFG7V3tAwN4LI&dib_tag=se&keywords=samsung%2Bphone&qid=1774696533&sr=8-111&th=1
Samsung Galaxy S23 FE AI Cell Phone 128GB Unlocked Android Smartphone Long Battery Life Premium Power Processor Tough Gorilla Glass Display Hi-Res 50MP Camera US Version 2023 Graphite,,Samsung,"Android 13.0, One UI",8 GB,Snapdragon 8 Gen1,3 GHz,(1580),https://www.amazon.com/SAMSUNG-Unlocked-Smartphone-Processor-Graphite/dp/B0CD9645MM/ref=sr_1_110?dib=eyJ2IjoiMSJ9.1y1VBRarxgbu1V-I6-qL_nia7wRKbP0FX9An_-Om3IrTEFsyRfwzKXJhXZcA_Zuq50JIyqLldOkKEGwetRPyjmksUPGd9L9h7WILz3gF7DAXSaaG4XVyAjJZl3BOp0AScG9ePZXzd5MuUVn_L-fLuJhhXJN4G6muorBzFIGOkslUR5Yl2B1wS8JszanqHmKIguGqC1fcI7NCMgFoL0oGabZHudjyCin1AsxDnQkBfhw.sXla0qOMfMwEPUz7AAfY1rUPoI5KKsFFG7V3tAwN4LI&dib_tag=se&keywords=samsung%2Bphone&qid=1774696533&sr=8-110&th=1
G920A,,Samsung,Android,32 GB,1.2GHz Cortex A8 Processor,1.5 GHz,(1704),https://www.amazon.com/Samsung-Galaxy-S6-Black-Sapphire/dp/B00V5LZXCS/ref=sr_1_109?dib=eyJ2IjoiMSJ9.1y1VBRarxgbu1V-I6-qL_nia7wRKbP0FX9An_-Om3IrTEFsyRfwzKXJhXZcA_Zuq50JIyqLldOkKEGwetRPyjmksUPGd9L9h7WILz3gF7DAXSaaG4XVyAjJZl3BOp0AScG9ePZXzd5MuUVn_L-fLuJhhXJN4G6muorBzFIGOkslUR5Yl2B1wS8JszanqHmKIguGqC1fcI7NCMgFoL0oGabZHudjyCin1AsxDnQkBfhw.sXla0qOMfMwEPUz7AAfY1rUPoI5KKsFFG7V3tAwN4LI&dib_tag=se&keywords=samsung%2Bphone&qid=1774696533&sr=8-109&th=1
Samsung Galaxy S22+ Plus 5G US Version 128GB Phantom White - Unlocked (Renewed),,Samsung,Android 12.0,8 GB,Snapdragon,2.5 GHz,(264),https://www.amazon.com/Galaxy-S22-Plus-5G-128GB/dp/B09YN5D6KF/ref=sr_1_108?dib=eyJ2IjoiMSJ9.1y1VBRarxgbu1V-I6-qL_nia7wRKbP0FX9An_-Om3IrTEFsyRfwzKXJhXZcA_Zuq50JIyqLldOkKEGwetRPyjmksUPGd9L9h7WILz3gF7DAXSaaG4XVyAjJZl3BOp0AScG9ePZXzd5MuUVn_L-fLuJhhXJN4G6muorBzFIGOkslUR5Yl2B1wS8JszanqHmKIguGqC1fcI7NCMgFoL0oGabZHudjyCin1AsxDnQkBfhw.sXla0qOMfMwEPUz7AAfY1rUPoI5KKsFFG7V3tAwN4LI&dib_tag=se&keywords=samsung+phone&qid=1774696533&sr=8-108
Samsung Galaxy S23 FE Factory Unlocked 128GB - Purple (Renewed),,Samsung,Android,8 GB,Snapdragon,2.5 GHz,(61),https://www.amazon.com/Samsung-Galaxy-S23-FE-Unlocked/dp/B0CXJL4843/ref=sr_1_107?dib=eyJ2IjoiMSJ9.1y1VBRarxgbu1V-I6-qL_nia7wRKbP0FX9An_-Om3IrTEFsyRfwzKXJhXZcA_Zuq50JIyqLldOkKEGwetRPyjmksUPGd9L9h7WILz3gF7DAXSaaG4XVyAjJZl3BOp0AScG9ePZXzd5MuUVn_L-fLuJhhXJN4G6muorBzFIGOkslUR5Yl2B1wS8JszanqHmKIguGqC1fcI7NCMgFoL0oGabZHudjyCin1AsxDnQkBfhw.sXla0qOMfMwEPUz7AAfY1rUPoI5KKsFFG7V3tAwN4LI&dib_tag=se&keywords=samsung+phone&qid=1774696533&sr=8-107
Samsung Galaxy S20 Ultra 5G (128GB 12GB RAM) 6.9 AMOLED 2X Snapdragon 865 108MP Quad Camera Global 5G Volte (GSM+CDMA) AT&T Unlocked (T-Mobile Verizon Global Metro) G988U,,Samsung,Android 10.0,12 GB,Snapdragon,"1.8, 2.4, 2.8 GHz",(78),https://www.amazon.com/Samsung-Snapdragon-Unlocked-T-Mobile-Verizon/dp/B085PQ5T2T/ref=sr_1_106?dib=eyJ2IjoiMSJ9.1y1VBRarxgbu1V-I6-qL_nia7wRKbP0FX9An_-Om3IrTEFsyRfwzKXJhXZcA_Zuq50JIyqLldOkKEGwetRPyjmksUPGd9L9h7WILz3gF7DAXSaaG4XVyAjJZl3BOp0AScG9ePZXzd5MuUVn_L-fLuJhhXJN4G6muorBzFIGOkslUR5Yl2B1wS8JszanqHmKIguGqC1fcI7NCMgFoL0oGabZHudjyCin1AsxDnQkBfhw.sXla0qOMfMwEPUz7AAfY1rUPoI5KKsFFG7V3tAwN4LI&dib_tag=se&keywords=samsung+phone&qid=1774696533&sr=8-106
SAMSUNG Galaxy S25 SM-S931B/DS 256GB 12GB RAM AI Smartphone Factory Unlocked Global Model - Silver Shadow,,Samsung,"Android 15, One UI 7",12 GB,Snapdragon,4.47 GHz,(36),https://www.amazon.com/SAMSUNG-SM-S931B-Smartphone-Factory-Unlocked/dp/B0DV4565FW/ref=sr_1_105?dib=eyJ2IjoiMSJ9.1y1VBRarxgbu1V-I6-qL_nia7wRKbP0FX9An_-Om3IrTEFsyRfwzKXJhXZcA_Zuq50JIyqLldOkKEGwetRPyjmksUPGd9L9h7WILz3gF7DAXSaaG4XVyAjJZl3BOp0AScG9ePZXzd5MuUVn_L-fLuJhhXJN4G6muorBzFIGOkslUR5Yl2B1wS8JszanqHmKIguGqC1fcI7NCMgFoL0oGabZHudjyCin1AsxDnQkBfhw.sXla0qOMfMwEPUz7AAfY1rUPoI5KKsFFG7V3tAwN4LI&dib_tag=se&keywords=samsung%2Bphone&qid=1774696533&sr=8-105&th=1
SAMSUNG Galaxy A16 5G Dual SIM (128GB 2025) 6.7 90Hz AMOLED Water Resistant 8Core 50MP Camera (Factory Unlocked International Model for GSM Global) A166M/DS (Blue Black) (Renewed),,Samsung,Android,4 GB,Exynos 1330 S5E8535,2.4 GHz,(56),https://www.amazon.com/SAMSUNG-Resistant-Factory-Unlocked-International/dp/B0DXNC32F9/ref=sr_1_104?dib=eyJ2IjoiMSJ9.1y1VBRarxgbu1V-I6-qL_nia7wRKbP0FX9An_-Om3IrTEFsyRfwzKXJhXZcA_Zuq50JIyqLldOkKEGwetRPyjmksUPGd9L9h7WILz3gF7DAXSaaG4XVyAjJZl3BOp0AScG9ePZXzd5MuUVn_L-fLuJhhXJN4G6muorBzFIGOkslUR5Yl2B1wS8JszanqHmKIguGqC1fcI7NCMgFoL0oGabZHudjyCin1AsxDnQkBfhw.sXla0qOMfMwEPUz7AAfY1rUPoI5KKsFFG7V3tAwN4LI&dib_tag=se&keywords=samsung+phone&qid=1774696533&sr=8-104
SAMSUNG Galaxy S24 FE AI Phone 128GB Android Smartphone High-Res 50MP Camera Long Battery Life Brighter Display Screen AT&T 2024 Graphite (Renewed),,Samsung,Android,8 GB,Exynos 2400E,3.1 GHz,(102),https://www.amazon.com/SAMSUNG-Smartphone-High-Res-Brighter-Graphite/dp/B0DVDF25P6/ref=sr_1_103?dib=eyJ2IjoiMSJ9.1y1VBRarxgbu1V-I6-qL_nia7wRKbP0FX9An_-Om3IrTEFsyRfwzKXJhXZcA_Zuq50JIyqLldOkKEGwetRPyjmksUPGd9L9h7WILz3gF7DAXSaaG4XVyAjJZl3BOp0AScG9ePZXzd5MuUVn_L-fLuJhhXJN4G6muorBzFIGOkslUR5Yl2B1wS8JszanqHmKIguGqC1fcI7NCMgFoL0oGabZHudjyCin1AsxDnQkBfhw.sXla0qOMfMwEPUz7AAfY1rUPoI5KKsFFG7V3tAwN4LI&dib_tag=se&keywords=samsung%2Bphone&qid=1774696533&sr=8-103&th=1
Samsung Galaxy S22+ Plus 5G US Version 256GB Pink Gold - Unlocked (Renewed),,Samsung,Android,8 GB,Snapdragon,2.5 GHz,(243),https://www.amazon.com/SAMSUNG-Galaxy-S22-Unlocked-SM-S906U1/dp/B0B6D42P2F/ref=sr_1_102?dib=eyJ2IjoiMSJ9.1y1VBRarxgbu1V-I6-qL_nia7wRKbP0FX9An_-Om3IrTEFsyRfwzKXJhXZcA_Zuq50JIyqLldOkKEGwetRPyjmksUPGd9L9h7WILz3gF7DAXSaaG4XVyAjJZl3BOp0AScG9ePZXzd5MuUVn_L-fLuJhhXJN4G6muorBzFIGOkslUR5Yl2B1wS8JszanqHmKIguGqC1fcI7NCMgFoL0oGabZHudjyCin1AsxDnQkBfhw.sXla0qOMfMwEPUz7AAfY1rUPoI5KKsFFG7V3tAwN4LI&dib_tag=se&keywords=samsung+phone&qid=1774696533&sr=8-102
SAMSUNG Galaxy A15 5G A Series Cell Phone AMOLED Display Expandable Storage Knox Security US Version 2024 Blue Black for T-Mobile only (Renewed),,Samsung,Android 13.0,128 GB,Mediatek Dimensity 900,2.2 GHz,(135),https://www.amazon.com/SAMSUNG-Display-Expandable-Security-T-Mobile/dp/B0DMCTB8GK/ref=sr_1_101?dib=eyJ2IjoiMSJ9.1y1VBRarxgbu1V-I6-qL_nia7wRKbP0FX9An_-Om3IrTEFsyRfwzKXJhXZcA_Zuq50JIyqLldOkKEGwetRPyjmksUPGd9L9h7WILz3gF7DAXSaaG4XVyAjJZl3BOp0AScG9ePZXzd5MuUVn_L-fLuJhhXJN4G6muorBzFIGOkslUR5Yl2B1wS8JszanqHmKIguGqC1fcI7NCMgFoL0oGabZHudjyCin1AsxDnQkBfhw.sXla0qOMfMwEPUz7AAfY1rUPoI5KKsFFG7V3tAwN4LI&dib_tag=se&keywords=samsung+phone&qid=1774696533&sr=8-101
Samsung Note 20 5G (AT&T) Unlocked (Renewed),,Samsung,Android,8 GB,Exynos 4412,2.84E+3 MHz,(896),https://www.amazon.com/Samsung-Note-20-Unlocked-Renewed/dp/B08SYQ5WDS/ref=sr_1_100?dib=eyJ2IjoiMSJ9.1y1VBRarxgbu1V-I6-qL_nia7wRKbP0FX9An_-Om3IrTEFsyRfwzKXJhXZcA_Zuq50JIyqLldOkKEGwetRPyjmksUPGd9L9h7WILz3gF7DAXSaaG4XVyAjJZl3BOp0AScG9ePZXzd5MuUVn_L-fLuJhhXJN4G6muorBzFIGOkslUR5Yl2B1wS8JszanqHmKIguGqC1fcI7NCMgFoL0oGabZHudjyCin1AsxDnQkBfhw.sXla0qOMfMwEPUz7AAfY1rUPoI5KKsFFG7V3tAwN4LI&dib_tag=se&keywords=samsung%2Bphone&qid=1774696533&sr=8-100&th=1
Samsung Galaxy Z Flip 6 5G US Version 512GB Mint - Unlocked (Renewed),,Samsung,Android,12 GB,Snapdragon,3.39 GHz,(142),https://www.amazon.com/SAMSUNG-Galaxy-Flip-Version-512GB/dp/B0DJ9RS74G/ref=sr_1_99?dib=eyJ2IjoiMSJ9.1y1VBRarxgbu1V-I6-qL_nia7wRKbP0FX9An_-Om3IrTEFsyRfwzKXJhXZcA_Zuq50JIyqLldOkKEGwetRPyjmksUPGd9L9h7WILz3gF7DAXSaaG4XVyAjJZl3BOp0AScG9ePZXzd5MuUVn_L-fLuJhhXJN4G6muorBzFIGOkslUR5Yl2B1wS8JszanqHmKIguGqC1fcI7NCMgFoL0oGabZHudjyCin1AsxDnQkBfhw.sXla0qOMfMwEPUz7AAfY1rUPoI5KKsFFG7V3tAwN4LI&dib_tag=se&keywords=samsung%2Bphone&qid=1774696533&sr=8-99&th=1
Samsung Galaxy S25 FE Cell Phone (2025) 128GB AI Smartphone GSM Unlocked Android Large Display 4900mAh Battery High Res-Camera AI Photo Edits Durable JetBlack (Renewed),,Samsung,Android,8 GB,Exynos 2400 S5E9945,1.9 GHz,(34),https://www.amazon.com/Samsung-Smartphone-Unlocked-Res-Camera-JetBlack/dp/B0FXNK98BL/ref=sr_1_98?dib=eyJ2IjoiMSJ9.1y1VBRarxgbu1V-I6-qL_nia7wRKbP0FX9An_-Om3IrTEFsyRfwzKXJhXZcA_Zuq50JIyqLldOkKEGwetRPyjmksUPGd9L9h7WILz3gF7DAXSaaG4XVyAjJZl3BOp0AScG9ePZXzd5MuUVn_L-fLuJhhXJN4G6muorBzFIGOkslUR5Yl2B1wS8JszanqHmKIguGqC1fcI7NCMgFoL0oGabZHudjyCin1AsxDnQkBfhw.sXla0qOMfMwEPUz7AAfY1rUPoI5KKsFFG7V3tAwN4LI&dib_tag=se&keywords=samsung%2Bphone&qid=1774696533&sr=8-98&th=1
Samsung Galaxy S22+ Plus 5G US Version 256GB Green - Unlocked (Renewed),,Samsung,Android 12.0,8 GB,Snapdragon,2.5 GHz,(336),https://www.amazon.com/SAMSUNG-Galaxy-S22-Version-256GB/dp/B09WZG188L/ref=sr_1_97?dib=eyJ2IjoiMSJ9.1y1VBRarxgbu1V-I6-qL_nia7wRKbP0FX9An_-Om3IrTEFsyRfwzKXJhXZcA_Zuq50JIyqLldOkKEGwetRPyjmksUPGd9L9h7WILz3gF7DAXSaaG4XVyAjJZl3BOp0AScG9ePZXzd5MuUVn_L-fLuJhhXJN4G6muorBzFIGOkslUR5Yl2B1wS8JszanqHmKIguGqC1fcI7NCMgFoL0oGabZHudjyCin1AsxDnQkBfhw.sXla0qOMfMwEPUz7AAfY1rUPoI5KKsFFG7V3tAwN4LI&dib_tag=se&keywords=samsung+phone&qid=1774696533&sr=8-97
Samsung Electronics Galaxy Note 20 Ultra 5G Factory Unlocked Android Cell Phone | US Version | 128GB of Storage | Mobile Gaming Smartphone | Mystic Bronze SM-N986UZNAXAA (Renewed),,Samsung,Android,12 GB,Snapdragon 865,2.84 GHz,(2410),https://www.amazon.com/Samsung-Electronics-Factory-Unlocked-Smartphone/dp/B08HHT4XTS/ref=sr_1_96?dib=eyJ2IjoiMSJ9.VdoP71V0_kVRHva7mK9rUdNlrnD0UghomFjIUuO5adLG6gbFcGQW7nlKt6oPq8YA5V0h2-Oxhuj8Fhve61yVt3fXBYzWlGz9xpWv_h1A4_GDpFbpu9KpVD5yWatmPhb0zafLeZaLgTo1hNNMBdeeb61NjmYcTVqBHVdrRypL8NV3LDAj4oxRk6WZj4_5AwAjr0rFpZSigZnNmvWbBxwzdwFGnnQ20ERnlMn_3C0nMZ8.NpqUmpf5KFlJcLZbGB34ZK8LzznM5pYKVS1FvHgxMO0&dib_tag=se&keywords=samsung%2Bphone&qid=1774696529&sr=8-96&th=1
Samsung Galaxy S20+ 5G US Version 128GB - Unlocked (Renewed),,Samsung,Android,12 GB,Snapdragon 855,2.42 GHz,(3613),https://www.amazon.com/Galaxy-S20-5G-Unlocked-Smartphone/dp/B08FRQMW31/ref=sr_1_95?dib=eyJ2IjoiMSJ9.VdoP71V0_kVRHva7mK9rUdNlrnD0UghomFjIUuO5adLG6gbFcGQW7nlKt6oPq8YA5V0h2-Oxhuj8Fhve61yVt3fXBYzWlGz9xpWv_h1A4_GDpFbpu9KpVD5yWatmPhb0zafLeZaLgTo1hNNMBdeeb61NjmYcTVqBHVdrRypL8NV3LDAj4oxRk6WZj4_5AwAjr0rFpZSigZnNmvWbBxwzdwFGnnQ20ERnlMn_3C0nMZ8.NpqUmpf5KFlJcLZbGB34ZK8LzznM5pYKVS1FvHgxMO0&dib_tag=se&keywords=samsung%2Bphone&qid=1774696529&sr=8-95&th=1
Samsung Galaxy S20+ 5G US Version 128GB Cloud Blue - Unlocked (Renewed),,Samsung,Android 10.0,12 GB,Snapdragon,2.42 GHz,(1613),https://www.amazon.com/Galaxy-S20-5G-Unlocked-Smartphone/dp/B08FRTH1KJ/ref=sr_1_94?dib=eyJ2IjoiMSJ9.VdoP71V0_kVRHva7mK9rUdNlrnD0UghomFjIUuO5adLG6gbFcGQW7nlKt6oPq8YA5V0h2-Oxhuj8Fhve61yVt3fXBYzWlGz9xpWv_h1A4_GDpFbpu9KpVD5yWatmPhb0zafLeZaLgTo1hNNMBdeeb61NjmYcTVqBHVdrRypL8NV3LDAj4oxRk6WZj4_5AwAjr0rFpZSigZnNmvWbBxwzdwFGnnQ20ERnlMn_3C0nMZ8.NpqUmpf5KFlJcLZbGB34ZK8LzznM5pYKVS1FvHgxMO0&dib_tag=se&keywords=samsung+phone&qid=1774696529&sr=8-94
Samsung - Galaxy A71 A716U 5G Fully Unlocked 128GB - Prism Cube Black (Renewed),,Samsung,Android,6 GB,Exynos 980 S5E9630,2.2 GHz,(2098),https://www.amazon.com/Samsung-Galaxy-A716U-Unlocked-Renewed/dp/B08L9MY937/ref=sr_1_93?dib=eyJ2IjoiMSJ9.VdoP71V0_kVRHva7mK9rUdNlrnD0UghomFjIUuO5adLG6gbFcGQW7nlKt6oPq8YA5V0h2-Oxhuj8Fhve61yVt3fXBYzWlGz9xpWv_h1A4_GDpFbpu9KpVD5yWatmPhb0zafLeZaLgTo1hNNMBdeeb61NjmYcTVqBHVdrRypL8NV3LDAj4oxRk6WZj4_5AwAjr0rFpZSigZnNmvWbBxwzdwFGnnQ20ERnlMn_3C0nMZ8.NpqUmpf5KFlJcLZbGB34ZK8LzznM5pYKVS1FvHgxMO0&dib_tag=se&keywords=samsung%2Bphone&qid=1774696529&sr=8-93&th=1
Samsung Galaxy A12 Unlocked Smartphone Android Cell Phone Multi-Camera System Expandable Storage US Version 32Gb Black (Renewed),,Samsung,Android 10.0,3 GB,Snapdragon,2.2 GHz,(420),https://www.amazon.com/Samsung-Unlocked-Smartphone-Multi-Camera-Expandable/dp/B094FBCB2K/ref=sr_1_92?dib=eyJ2IjoiMSJ9.VdoP71V0_kVRHva7mK9rUdNlrnD0UghomFjIUuO5adLG6gbFcGQW7nlKt6oPq8YA5V0h2-Oxhuj8Fhve61yVt3fXBYzWlGz9xpWv_h1A4_GDpFbpu9KpVD5yWatmPhb0zafLeZaLgTo1hNNMBdeeb61NjmYcTVqBHVdrRypL8NV3LDAj4oxRk6WZj4_5AwAjr0rFpZSigZnNmvWbBxwzdwFGnnQ20ERnlMn_3C0nMZ8.NpqUmpf5KFlJcLZbGB34ZK8LzznM5pYKVS1FvHgxMO0&dib_tag=se&keywords=samsung%2Bphone&qid=1774696529&sr=8-92&th=1
Samsung Galaxy S22+ Smartphone Factory Unlocked Android Cell Phone 256GB 8K Camera & Video Brightest Display Long Battery Life Fast 4nm Processor US Version Phantom White (Renewed),,Samsung,Android,8 GB,,,(143),https://www.amazon.com/Samsung-Smartphone-Unlocked-Brightest-Processor/dp/B09VP3PYVP/ref=sr_1_91?dib=eyJ2IjoiMSJ9.VdoP71V0_kVRHva7mK9rUdNlrnD0UghomFjIUuO5adLG6gbFcGQW7nlKt6oPq8YA5V0h2-Oxhuj8Fhve61yVt3fXBYzWlGz9xpWv_h1A4_GDpFbpu9KpVD5yWatmPhb0zafLeZaLgTo1hNNMBdeeb61NjmYcTVqBHVdrRypL8NV3LDAj4oxRk6WZj4_5AwAjr0rFpZSigZnNmvWbBxwzdwFGnnQ20ERnlMn_3C0nMZ8.NpqUmpf5KFlJcLZbGB34ZK8LzznM5pYKVS1FvHgxMO0&dib_tag=se&keywords=samsung+phone&qid=1774696529&sr=8-91
Samsung Galaxy S22+ Plus 5G US Version 256GB Phantom Black - Unlocked (Renewed),,Samsung,Android 12.0,8 GB,Snapdragon,2.5 GHz,(362),https://www.amazon.com/SAMSUNG-Galaxy-S22-Version-Phantom/dp/B0B6D53G2V/ref=sr_1_90?dib=eyJ2IjoiMSJ9.VdoP71V0_kVRHva7mK9rUdNlrnD0UghomFjIUuO5adLG6gbFcGQW7nlKt6oPq8YA5V0h2-Oxhuj8Fhve61yVt3fXBYzWlGz9xpWv_h1A4_GDpFbpu9KpVD5yWatmPhb0zafLeZaLgTo1hNNMBdeeb61NjmYcTVqBHVdrRypL8NV3LDAj4oxRk6WZj4_5AwAjr0rFpZSigZnNmvWbBxwzdwFGnnQ20ERnlMn_3C0nMZ8.NpqUmpf5KFlJcLZbGB34ZK8LzznM5pYKVS1FvHgxMO0&dib_tag=se&keywords=samsung+phone&qid=1774696529&sr=8-90
Samsung Galaxy S20 5G (128GB 12GB RAM) 6.2 AMOLED Snapdragon 865 IP68 Water Resistant Global 5G Volte (GSM + CDMA) Factory Unlocked (AT&T Verizon T-Mobile Metro) G981U1 (Cloud Blue),,Samsung,Android 10.0,12 GB,Snapdragon,2.84 GHz,(94),https://www.amazon.com/Galaxy-S20-5G-Snapdragon-Resistant/dp/B08XYDQQGX/ref=sr_1_89?dib=eyJ2IjoiMSJ9.VdoP71V0_kVRHva7mK9rUdNlrnD0UghomFjIUuO5adLG6gbFcGQW7nlKt6oPq8YA5V0h2-Oxhuj8Fhve61yVt3fXBYzWlGz9xpWv_h1A4_GDpFbpu9KpVD5yWatmPhb0zafLeZaLgTo1hNNMBdeeb61NjmYcTVqBHVdrRypL8NV3LDAj4oxRk6WZj4_5AwAjr0rFpZSigZnNmvWbBxwzdwFGnnQ20ERnlMn_3C0nMZ8.NpqUmpf5KFlJcLZbGB34ZK8LzznM5pYKVS1FvHgxMO0&dib_tag=se&keywords=samsung+phone&qid=1774696529&sr=8-89
SAMSUNG Galaxy S25+ Cell Phone 512GB AI Smartphone Unlocked Android AI Camera Fast Processor ProScaler Display Long Battery Life 2025 Navy (Renewed),,Samsung,Android,12 GB,Snapdragon,4.47 GHz,(45),https://www.amazon.com/SAMSUNG-Smartphone-Unlocked-Processor-ProScaler/dp/B0F3G1615T/ref=sr_1_88?dib=eyJ2IjoiMSJ9.VdoP71V0_kVRHva7mK9rUdNlrnD0UghomFjIUuO5adLG6gbFcGQW7nlKt6oPq8YA5V0h2-Oxhuj8Fhve61yVt3fXBYzWlGz9xpWv_h1A4_GDpFbpu9KpVD5yWatmPhb0zafLeZaLgTo1hNNMBdeeb61NjmYcTVqBHVdrRypL8NV3LDAj4oxRk6WZj4_5AwAjr0rFpZSigZnNmvWbBxwzdwFGnnQ20ERnlMn_3C0nMZ8.NpqUmpf5KFlJcLZbGB34ZK8LzznM5pYKVS1FvHgxMO0&dib_tag=se&keywords=samsung+phone&qid=1774696529&sr=8-88
SAMSUNG Galaxy S22+ Plus 5G (128GB 8GB) 6.2 AMOLED 50MP Camera Volte (Fully Unlocked for AT&T Verizon T-Mobile Global) S906U1 US Model (w/ 25W Super Fast Charge Cube Phantom Black) (Renewed),,Samsung,Android,8 GB,Snapdragon 8 Gen1,2.8 GHz,(105),https://www.amazon.com/SAMSUNG-Unlocked-Verizon-T-Mobile-Phantom/dp/B0BSNVNV7H/ref=sr_1_87?dib=eyJ2IjoiMSJ9.VdoP71V0_kVRHva7mK9rUdNlrnD0UghomFjIUuO5adLG6gbFcGQW7nlKt6oPq8YA5V0h2-Oxhuj8Fhve61yVt3fXBYzWlGz9xpWv_h1A4_GDpFbpu9KpVD5yWatmPhb0zafLeZaLgTo1hNNMBdeeb61NjmYcTVqBHVdrRypL8NV3LDAj4oxRk6WZj4_5AwAjr0rFpZSigZnNmvWbBxwzdwFGnnQ20ERnlMn_3C0nMZ8.NpqUmpf5KFlJcLZbGB34ZK8LzznM5pYKVS1FvHgxMO0&dib_tag=se&keywords=samsung+phone&qid=1774696529&sr=8-87
SAMSUNG Galaxy A36 5G A Series Cell Phone 128GB Unlocked Android Smartphone AMOLED Display Rugged Design US Version 2025 Awesome Black (Renewed),,Samsung,Android,6 GB,Snapdragon,"2.4, 2.4 GHz",(74),https://www.amazon.com/SAMSUNG-Unlocked-Android-Smartphone-Display/dp/B0FDDKNY2T/ref=sr_1_86?dib=eyJ2IjoiMSJ9.VdoP71V0_kVRHva7mK9rUdNlrnD0UghomFjIUuO5adLG6gbFcGQW7nlKt6oPq8YA5V0h2-Oxhuj8Fhve61yVt3fXBYzWlGz9xpWv_h1A4_GDpFbpu9KpVD5yWatmPhb0zafLeZaLgTo1hNNMBdeeb61NjmYcTVqBHVdrRypL8NV3LDAj4oxRk6WZj4_5AwAjr0rFpZSigZnNmvWbBxwzdwFGnnQ20ERnlMn_3C0nMZ8.NpqUmpf5KFlJcLZbGB34ZK8LzznM5pYKVS1FvHgxMO0&dib_tag=se&keywords=samsung+phone&qid=1774696529&sr=8-86
Samsung Galaxy A01 SM-A015A 16GB 5.7” Single-SIM Android Smartphone (Renewed) (Black GSM Unlocked),,Samsung,Android 10.0,2 GB,A-Series,2 GHz,(371),https://www.amazon.com/Samsung-SM-A015A-Single-SIM-Smartphone-Unlocked/dp/B08NFCZGJF/ref=sr_1_85?dib=eyJ2IjoiMSJ9.VdoP71V0_kVRHva7mK9rUdNlrnD0UghomFjIUuO5adLG6gbFcGQW7nlKt6oPq8YA5V0h2-Oxhuj8Fhve61yVt3fXBYzWlGz9xpWv_h1A4_GDpFbpu9KpVD5yWatmPhb0zafLeZaLgTo1hNNMBdeeb61NjmYcTVqBHVdrRypL8NV3LDAj4oxRk6WZj4_5AwAjr0rFpZSigZnNmvWbBxwzdwFGnnQ20ERnlMn_3C0nMZ8.NpqUmpf5KFlJcLZbGB34ZK8LzznM5pYKVS1FvHgxMO0&dib_tag=se&keywords=samsung+phone&qid=1774696529&sr=8-85
Samsung Galaxy A20 32GB 6.4 Display A205U Black Unlocked Smartphone (Renewed),,Samsung,Android 9.0,3 GB,Snapdragon,1.6 GHz,(1140),https://www.amazon.com/Samsung-Unlocked-Android-Smartphone-Renewed/dp/B088XZFKJ5/ref=sr_1_84?dib=eyJ2IjoiMSJ9.VdoP71V0_kVRHva7mK9rUdNlrnD0UghomFjIUuO5adLG6gbFcGQW7nlKt6oPq8YA5V0h2-Oxhuj8Fhve61yVt3fXBYzWlGz9xpWv_h1A4_GDpFbpu9KpVD5yWatmPhb0zafLeZaLgTo1hNNMBdeeb61NjmYcTVqBHVdrRypL8NV3LDAj4oxRk6WZj4_5AwAjr0rFpZSigZnNmvWbBxwzdwFGnnQ20ERnlMn_3C0nMZ8.NpqUmpf5KFlJcLZbGB34ZK8LzznM5pYKVS1FvHgxMO0&dib_tag=se&keywords=samsung+phone&qid=1774696529&sr=8-84
Samsung Galaxy S21 Ultra 5G US Version 256GB Phantom Black - Unlocked (Renewed),,Samsung,Android 11.0,12 GB,Snapdragon,2.84 GHz,(1136),https://www.amazon.com/Galaxy-S21-Ultra-5G-Smartphone/dp/B096T56NRH/ref=sr_1_83?dib=eyJ2IjoiMSJ9.VdoP71V0_kVRHva7mK9rUdNlrnD0UghomFjIUuO5adLG6gbFcGQW7nlKt6oPq8YA5V0h2-Oxhuj8Fhve61yVt3fXBYzWlGz9xpWv_h1A4_GDpFbpu9KpVD5yWatmPhb0zafLeZaLgTo1hNNMBdeeb61NjmYcTVqBHVdrRypL8NV3LDAj4oxRk6WZj4_5AwAjr0rFpZSigZnNmvWbBxwzdwFGnnQ20ERnlMn_3C0nMZ8.NpqUmpf5KFlJcLZbGB34ZK8LzznM5pYKVS1FvHgxMO0&dib_tag=se&keywords=samsung+phone&qid=1774696529&sr=8-83
Samsung Galaxy A51 128GB 6.5 4G LTE Unlocked Black (Renewed),,Samsung,Android 10.0,6 GB,Snapdragon,2.3 GHz,(982),https://www.amazon.com/Samsung-Galaxy-Unlocked-Black-Renewed/dp/B09598JR5G/ref=sr_1_82?dib=eyJ2IjoiMSJ9.VdoP71V0_kVRHva7mK9rUdNlrnD0UghomFjIUuO5adLG6gbFcGQW7nlKt6oPq8YA5V0h2-Oxhuj8Fhve61yVt3fXBYzWlGz9xpWv_h1A4_GDpFbpu9KpVD5yWatmPhb0zafLeZaLgTo1hNNMBdeeb61NjmYcTVqBHVdrRypL8NV3LDAj4oxRk6WZj4_5AwAjr0rFpZSigZnNmvWbBxwzdwFGnnQ20ERnlMn_3C0nMZ8.NpqUmpf5KFlJcLZbGB34ZK8LzznM5pYKVS1FvHgxMO0&dib_tag=se&keywords=samsung%2Bphone&qid=1774696529&sr=8-82&th=1
SAMSUNG Galaxy A13 LTE Factory Unlocked Smartphone Android Cell Phone Water Resistant 50MP Camera US Version 32GB Black (Renewed),,Samsung,Android,3 GB,1.2GHz Cortex A8 Processor,2 GHz,(1235),https://www.amazon.com/SAMSUNG-Galaxy-A13-LTE-32GB/dp/B09Z8P34NM/ref=sr_1_81?dib=eyJ2IjoiMSJ9.VdoP71V0_kVRHva7mK9rUdNlrnD0UghomFjIUuO5adLG6gbFcGQW7nlKt6oPq8YA5V0h2-Oxhuj8Fhve61yVt3fXBYzWlGz9xpWv_h1A4_GDpFbpu9KpVD5yWatmPhb0zafLeZaLgTo1hNNMBdeeb61NjmYcTVqBHVdrRypL8NV3LDAj4oxRk6WZj4_5AwAjr0rFpZSigZnNmvWbBxwzdwFGnnQ20ERnlMn_3C0nMZ8.NpqUmpf5KFlJcLZbGB34ZK8LzznM5pYKVS1FvHgxMO0&dib_tag=se&keywords=samsung+phone&qid=1774696529&sr=8-81
Samsung Galaxy S22+ Plus 5G US Version 256GB White - AT&T (Renewed),,Samsung,Android,8 GB,Snapdragon S5,,(5),https://www.amazon.com/SAMSUNG-S22-PLUS-256GB-WHITE/dp/B0BV7GX6SX/ref=sr_1_80?dib=eyJ2IjoiMSJ9.Txogg3OlqULZKQyh9JXm_1Xw2Fwno51VX3A6R7vVrOBf7XVPBPq3N-6wHmVKhNgIo6Yl8lEuA2vSv4Aq8vORGwDH5MdkCB-PRDZTw1DGG1LLzTTuzttaL6qQb9-VTO4pLT4d3J8WmAO7ZbXzo2mnKKlDbQ7resFxRIkr7OHXxhwktK_n9qhX7kACdxXnD1wi74yhOrxrPZDvmDmDYrmw6HrwaZzoK6YfLCvl3rfp9Ow.aFRP58F5m_YNeW_C6I1S_80Y6b1tRi6CDdGD-HgVSZ8&dib_tag=se&keywords=samsung+phone&qid=1774696525&sr=8-80
SAMSUNG Galaxy A35 5G A Series Cell Phone 128GB Unlocked Android Smartphone AMOLED Display Advanced Triple Camera System Expandable Storage Rugged Design US Version 2024 Awesome Navy (Renewed),,Samsung,Android,6 GB,Exynos 1380,2 GHz,(187),https://www.amazon.com/SAMSUNG-Galaxy-A35-Smartphone-Expandable/dp/B0D7WFLK1Q/ref=sr_1_79?dib=eyJ2IjoiMSJ9.Txogg3OlqULZKQyh9JXm_1Xw2Fwno51VX3A6R7vVrOBf7XVPBPq3N-6wHmVKhNgIo6Yl8lEuA2vSv4Aq8vORGwDH5MdkCB-PRDZTw1DGG1LLzTTuzttaL6qQb9-VTO4pLT4d3J8WmAO7ZbXzo2mnKKlDbQ7resFxRIkr7OHXxhwktK_n9qhX7kACdxXnD1wi74yhOrxrPZDvmDmDYrmw6HrwaZzoK6YfLCvl3rfp9Ow.aFRP58F5m_YNeW_C6I1S_80Y6b1tRi6CDdGD-HgVSZ8&dib_tag=se&keywords=samsung+phone&qid=1774696525&sr=8-79
Samsung Galaxy S23 FE Factory Unlocked 128GB - Graphite (Renewed),,Samsung,Android,8 GB,Snapdragon,2.5 GHz,(342),https://www.amazon.com/Samsung-Galaxy-S23-FE-Unlocked/dp/B0CXJLHG1J/ref=sr_1_78?dib=eyJ2IjoiMSJ9.Txogg3OlqULZKQyh9JXm_1Xw2Fwno51VX3A6R7vVrOBf7XVPBPq3N-6wHmVKhNgIo6Yl8lEuA2vSv4Aq8vORGwDH5MdkCB-PRDZTw1DGG1LLzTTuzttaL6qQb9-VTO4pLT4d3J8WmAO7ZbXzo2mnKKlDbQ7resFxRIkr7OHXxhwktK_n9qhX7kACdxXnD1wi74yhOrxrPZDvmDmDYrmw6HrwaZzoK6YfLCvl3rfp9Ow.aFRP58F5m_YNeW_C6I1S_80Y6b1tRi6CDdGD-HgVSZ8&dib_tag=se&keywords=samsung+phone&qid=1774696525&sr=8-78
Samsung Galaxy A13 5G Cell Phone AT&T GSM Unlocked Android Smartphone 64GB Long Lasting Battery Expandable Storage Triple Lens Camera Infinite Display Black (Renewed),,Samsung,Android 11.0,4 GB,Core i5,2.2 GHz,(2104),https://www.amazon.com/Galaxy-A13-5G-Smartphone-Expandable/dp/B09T3MQSVP/ref=sr_1_77?dib=eyJ2IjoiMSJ9.Txogg3OlqULZKQyh9JXm_1Xw2Fwno51VX3A6R7vVrOBf7XVPBPq3N-6wHmVKhNgIo6Yl8lEuA2vSv4Aq8vORGwDH5MdkCB-PRDZTw1DGG1LLzTTuzttaL6qQb9-VTO4pLT4d3J8WmAO7ZbXzo2mnKKlDbQ7resFxRIkr7OHXxhwktK_n9qhX7kACdxXnD1wi74yhOrxrPZDvmDmDYrmw6HrwaZzoK6YfLCvl3rfp9Ow.aFRP58F5m_YNeW_C6I1S_80Y6b1tRi6CDdGD-HgVSZ8&dib_tag=se&keywords=samsung%2Bphone&qid=1774696525&sr=8-77&th=1
total wireless Samsung Galaxy A15 5G 64GB Prepaid Smartphone 6.5” FHD+ Super AMOLED Display 50MP Triple Camera Long Lasting Battery Android 14 - Locked to Black,,total wireless,Android 14,4 GB,Core i5-11400,,(22),https://www.amazon.com/Samsung-TOSAS156VC64PWP-Processor-Wireless-Smartphone/dp/B0F6R3NG7Y/ref=sr_1_76?dib=eyJ2IjoiMSJ9.Txogg3OlqULZKQyh9JXm_1Xw2Fwno51VX3A6R7vVrOBf7XVPBPq3N-6wHmVKhNgIo6Yl8lEuA2vSv4Aq8vORGwDH5MdkCB-PRDZTw1DGG1LLzTTuzttaL6qQb9-VTO4pLT4d3J8WmAO7ZbXzo2mnKKlDbQ7resFxRIkr7OHXxhwktK_n9qhX7kACdxXnD1wi74yhOrxrPZDvmDmDYrmw6HrwaZzoK6YfLCvl3rfp9Ow.aFRP58F5m_YNeW_C6I1S_80Y6b1tRi6CDdGD-HgVSZ8&dib_tag=se&keywords=samsung+phone&qid=1774696525&sr=8-76
SAMSUNG Galaxy S23 5G SM-S911B/DS 128GB 8GB RAM 50 MP Camera Factory Unlocked – Phantom Black,,Samsung,Android 13.0,8 GB,Snapdragon,2.8 GHz,(135),https://www.amazon.com/SAMSUNG-Galaxy-SM-S911B-Factory-Unlocked/dp/B0BSLDLVYM/ref=sr_1_75?dib=eyJ2IjoiMSJ9.Txogg3OlqULZKQyh9JXm_1Xw2Fwno51VX3A6R7vVrOBf7XVPBPq3N-6wHmVKhNgIo6Yl8lEuA2vSv4Aq8vORGwDH5MdkCB-PRDZTw1DGG1LLzTTuzttaL6qQb9-VTO4pLT4d3J8WmAO7ZbXzo2mnKKlDbQ7resFxRIkr7OHXxhwktK_n9qhX7kACdxXnD1wi74yhOrxrPZDvmDmDYrmw6HrwaZzoK6YfLCvl3rfp9Ow.aFRP58F5m_YNeW_C6I1S_80Y6b1tRi6CDdGD-HgVSZ8&dib_tag=se&keywords=samsung+phone&qid=1774696525&sr=8-75
SAMSUNG Galaxy A15 5G (128GB 2024) 6.5 90Hz AMOLED 50MP Camera 4G Volte (Fully Unlocked International Model for AT&T T-Mobile Verizon Global) A156U (Blue Black) (Renewed),,Samsung,Andorid,4 GB,Cortex,2 GHz,(329),https://www.amazon.com/SAMSUNG-Galaxy-A15-5G-International/dp/B0D2M2N6RK/ref=sr_1_74?dib=eyJ2IjoiMSJ9.Txogg3OlqULZKQyh9JXm_1Xw2Fwno51VX3A6R7vVrOBf7XVPBPq3N-6wHmVKhNgIo6Yl8lEuA2vSv4Aq8vORGwDH5MdkCB-PRDZTw1DGG1LLzTTuzttaL6qQb9-VTO4pLT4d3J8WmAO7ZbXzo2mnKKlDbQ7resFxRIkr7OHXxhwktK_n9qhX7kACdxXnD1wi74yhOrxrPZDvmDmDYrmw6HrwaZzoK6YfLCvl3rfp9Ow.aFRP58F5m_YNeW_C6I1S_80Y6b1tRi6CDdGD-HgVSZ8&dib_tag=se&keywords=samsung+phone&qid=1774696525&sr=8-74
Samsung Galaxy S24 Ultra 5G US Version 512GB Titanium Gray - Unlocked (Renewed),,Samsung,Android 14,12 GB,Snapdragon,3.39 GHz,(1514),https://www.amazon.com/SAMSUNG-Smartphone-Unlocked-Android-Titanium/dp/B0D122P523/ref=sr_1_73?dib=eyJ2IjoiMSJ9.Txogg3OlqULZKQyh9JXm_1Xw2Fwno51VX3A6R7vVrOBf7XVPBPq3N-6wHmVKhNgIo6Yl8lEuA2vSv4Aq8vORGwDH5MdkCB-PRDZTw1DGG1LLzTTuzttaL6qQb9-VTO4pLT4d3J8WmAO7ZbXzo2mnKKlDbQ7resFxRIkr7OHXxhwktK_n9qhX7kACdxXnD1wi74yhOrxrPZDvmDmDYrmw6HrwaZzoK6YfLCvl3rfp9Ow.aFRP58F5m_YNeW_C6I1S_80Y6b1tRi6CDdGD-HgVSZ8&dib_tag=se&keywords=samsung%2Bphone&qid=1774696525&sr=8-73&th=1
Samsung Galaxy S23+ Plus 5G US Version 256GB Lavender - Unlocked (Renewed),,Samsung,Android,8 GB,Snapdragon,2.8 GHz,(1321),https://www.amazon.com/SAMSUNG-Galaxy-S23-Factory-Unlocked/dp/B0C7F42SKB/ref=sr_1_72?dib=eyJ2IjoiMSJ9.Txogg3OlqULZKQyh9JXm_1Xw2Fwno51VX3A6R7vVrOBf7XVPBPq3N-6wHmVKhNgIo6Yl8lEuA2vSv4Aq8vORGwDH5MdkCB-PRDZTw1DGG1LLzTTuzttaL6qQb9-VTO4pLT4d3J8WmAO7ZbXzo2mnKKlDbQ7resFxRIkr7OHXxhwktK_n9qhX7kACdxXnD1wi74yhOrxrPZDvmDmDYrmw6HrwaZzoK6YfLCvl3rfp9Ow.aFRP58F5m_YNeW_C6I1S_80Y6b1tRi6CDdGD-HgVSZ8&dib_tag=se&keywords=samsung%2Bphone&qid=1774696525&sr=8-72&th=1
SAMSUNG Galaxy S22 Cell Phone Factory Unlocked 128GB Black,,Samsung,Android 12.0,8 GB,Snapdragon,2.8 GHz,(65),https://www.amazon.com/SAMSUNG-Galaxy-Phone-Factory-Unlocked/dp/B0CWS4PWT6/ref=sr_1_71?dib=eyJ2IjoiMSJ9.Txogg3OlqULZKQyh9JXm_1Xw2Fwno51VX3A6R7vVrOBf7XVPBPq3N-6wHmVKhNgIo6Yl8lEuA2vSv4Aq8vORGwDH5MdkCB-PRDZTw1DGG1LLzTTuzttaL6qQb9-VTO4pLT4d3J8WmAO7ZbXzo2mnKKlDbQ7resFxRIkr7OHXxhwktK_n9qhX7kACdxXnD1wi74yhOrxrPZDvmDmDYrmw6HrwaZzoK6YfLCvl3rfp9Ow.aFRP58F5m_YNeW_C6I1S_80Y6b1tRi6CDdGD-HgVSZ8&dib_tag=se&keywords=samsung+phone&qid=1774696525&sr=8-71
Samsung Galaxy A21 GSM Unlocked Android Cell Phone US Version Smartphone 32GB Storage Long-Lasting Battery 6.5” Infinity Display Quad Camera Black (Renewed),,Samsung,Android 10.0,3 GB,Snapdragon,2.35 GHz,(1402),https://www.amazon.com/Samsung-Unlocked-Smartphone-Long-Lasting-Infinity/dp/B08JY4DGB1/ref=sr_1_70?dib=eyJ2IjoiMSJ9.Txogg3OlqULZKQyh9JXm_1Xw2Fwno51VX3A6R7vVrOBf7XVPBPq3N-6wHmVKhNgIo6Yl8lEuA2vSv4Aq8vORGwDH5MdkCB-PRDZTw1DGG1LLzTTuzttaL6qQb9-VTO4pLT4d3J8WmAO7ZbXzo2mnKKlDbQ7resFxRIkr7OHXxhwktK_n9qhX7kACdxXnD1wi74yhOrxrPZDvmDmDYrmw6HrwaZzoK6YfLCvl3rfp9Ow.aFRP58F5m_YNeW_C6I1S_80Y6b1tRi6CDdGD-HgVSZ8&dib_tag=se&keywords=samsung+phone&qid=1774696525&sr=8-70
SAMSUNG Galaxy S21 Plus 128GB Black Factory unlocked,,Samsung,Android,8 GB,Snapdragon,2.84 GHz,(162),https://www.amazon.com/SAMSUNG-Galaxy-128GB-Factory-Unlocked/dp/B0C1HY54G9/ref=sr_1_69?dib=eyJ2IjoiMSJ9.Txogg3OlqULZKQyh9JXm_1Xw2Fwno51VX3A6R7vVrOBf7XVPBPq3N-6wHmVKhNgIo6Yl8lEuA2vSv4Aq8vORGwDH5MdkCB-PRDZTw1DGG1LLzTTuzttaL6qQb9-VTO4pLT4d3J8WmAO7ZbXzo2mnKKlDbQ7resFxRIkr7OHXxhwktK_n9qhX7kACdxXnD1wi74yhOrxrPZDvmDmDYrmw6HrwaZzoK6YfLCvl3rfp9Ow.aFRP58F5m_YNeW_C6I1S_80Y6b1tRi6CDdGD-HgVSZ8&dib_tag=se&keywords=samsung+phone&qid=1774696525&sr=8-69
Samsung Galaxy A15 5G A Series Cell Phone AMOLED Display Expandable Storage Knox Security US Version 2024 Blue Black 64GB for T-Mobile only (64 GB),,Samsung,Android,4 GB,1.2GHz Cortex A8 Processor,1.2 GHz,(61),https://www.amazon.com/SAMSUNG-Display-Expandable-Security-T-Mobile/dp/B0DRPR5QGR/ref=sr_1_68?dib=eyJ2IjoiMSJ9.Txogg3OlqULZKQyh9JXm_1Xw2Fwno51VX3A6R7vVrOBf7XVPBPq3N-6wHmVKhNgIo6Yl8lEuA2vSv4Aq8vORGwDH5MdkCB-PRDZTw1DGG1LLzTTuzttaL6qQb9-VTO4pLT4d3J8WmAO7ZbXzo2mnKKlDbQ7resFxRIkr7OHXxhwktK_n9qhX7kACdxXnD1wi74yhOrxrPZDvmDmDYrmw6HrwaZzoK6YfLCvl3rfp9Ow.aFRP58F5m_YNeW_C6I1S_80Y6b1tRi6CDdGD-HgVSZ8&dib_tag=se&keywords=samsung%2Bphone&qid=1774696525&sr=8-68&th=1
Samsung Galaxy Note 20 Ultra 128GB Unlocked Android Smartphone - Mystic Black (Renewed),,Samsung,Android,12 GB,Snapdragon,2.42 GHz,(3313),https://www.amazon.com/Samsung-Galaxy-Unlocked-Android-Smartphone/dp/B08HL64JS8/ref=sr_1_67?dib=eyJ2IjoiMSJ9.Txogg3OlqULZKQyh9JXm_1Xw2Fwno51VX3A6R7vVrOBf7XVPBPq3N-6wHmVKhNgIo6Yl8lEuA2vSv4Aq8vORGwDH5MdkCB-PRDZTw1DGG1LLzTTuzttaL6qQb9-VTO4pLT4d3J8WmAO7ZbXzo2mnKKlDbQ7resFxRIkr7OHXxhwktK_n9qhX7kACdxXnD1wi74yhOrxrPZDvmDmDYrmw6HrwaZzoK6YfLCvl3rfp9Ow.aFRP58F5m_YNeW_C6I1S_80Y6b1tRi6CDdGD-HgVSZ8&dib_tag=se&keywords=samsung%2Bphone&qid=1774696525&sr=8-67&th=1
Samsung Galaxy A15 5G AT&T -128GB - 6.5 90Hz AMOLED 50MP Camera/Blue Black (Renewed),,Samsung,Android,,Mediatek Dimensity 6100 Plus,,(66),https://www.amazon.com/SAMSUNG-Galaxy-A15-5G-128GB/dp/B0DB3GLGCN/ref=sr_1_66?dib=eyJ2IjoiMSJ9.Txogg3OlqULZKQyh9JXm_1Xw2Fwno51VX3A6R7vVrOBf7XVPBPq3N-6wHmVKhNgIo6Yl8lEuA2vSv4Aq8vORGwDH5MdkCB-PRDZTw1DGG1LLzTTuzttaL6qQb9-VTO4pLT4d3J8WmAO7ZbXzo2mnKKlDbQ7resFxRIkr7OHXxhwktK_n9qhX7kACdxXnD1wi74yhOrxrPZDvmDmDYrmw6HrwaZzoK6YfLCvl3rfp9Ow.aFRP58F5m_YNeW_C6I1S_80Y6b1tRi6CDdGD-HgVSZ8&dib_tag=se&keywords=samsung+phone&qid=1774696525&sr=8-66
Samsung Electronics Galaxy Note 20 5G Unlocked Android Cell Phone | US Version | 128GB of Storage | Mobile Gaming Smartphone | Long-Lasting Battery | Mystic Gray (Renewed),,Samsung,Android,8 GB,Snapdragon,2.42 GHz,(2662),https://www.amazon.com/Samsung-Electronics-Unlocked-Smartphone-Long-Lasting/dp/B08HQZC2XK/ref=sr_1_65?dib=eyJ2IjoiMSJ9.Txogg3OlqULZKQyh9JXm_1Xw2Fwno51VX3A6R7vVrOBf7XVPBPq3N-6wHmVKhNgIo6Yl8lEuA2vSv4Aq8vORGwDH5MdkCB-PRDZTw1DGG1LLzTTuzttaL6qQb9-VTO4pLT4d3J8WmAO7ZbXzo2mnKKlDbQ7resFxRIkr7OHXxhwktK_n9qhX7kACdxXnD1wi74yhOrxrPZDvmDmDYrmw6HrwaZzoK6YfLCvl3rfp9Ow.aFRP58F5m_YNeW_C6I1S_80Y6b1tRi6CDdGD-HgVSZ8&dib_tag=se&keywords=samsung+phone&qid=1774696525&sr=8-65
Getting Started with the Samsung Galaxy Samsung A55 and A35 5g: The Insanely Easy Guide to the Samsung Galaxy A55 and A35 and Android 14 One Ui 6.1,,,,,,,(3),https://www.amazon.com/Getting-Started-Samsung-Galaxy-A55-ebook/dp/B0CYHJMMFJ/ref=sr_1_70_sspa?dib=eyJ2IjoiMSJ9.A6njoknF8EJC9NLPM3SSubUqQ46Cuea78GqU6n3VkAVlhKXcvr6QPd_-I4Ea8bljOJ-kmyRFdSWegRFUCUyhTM_YjBVwLFm0ty7U9_6eYFxgPceRcrHstgDTFcPNuvgh7QEopO5EsB16cTYkSW0eyFZEtWY43IGVaOluhkOfF8UiHzajgDHWtnThmiHZD4YZzhpsSgKzDo6rqkJp2DQln3N1d4zQUUxJXLSzAYAgjvU.5NkVvm3CwbrlC_5Xz4fllf_lBXv-eJ4k0SLXts5gjBg&dib_tag=se&keywords=samsung+phone&qid=1774696520&sr=8-70-spons&sp_csd=d2lkZ2V0TmFtZT1zcF9idGY&psc=1
SAMSUNG S26 Ultra USER MANUAL For Beginners 2026: Master the Features Avoid Overwhelm Create Effortless Navigation Without Feeling Lost,,,,,,,,https://www.amazon.com/SAMSUNG-Ultra-USER-MANUAL-Beginners/dp/B0GQ3V66L3/ref=sr_1_69_sspa?dib=eyJ2IjoiMSJ9.A6njoknF8EJC9NLPM3SSubUqQ46Cuea78GqU6n3VkAVlhKXcvr6QPd_-I4Ea8bljOJ-kmyRFdSWegRFUCUyhTM_YjBVwLFm0ty7U9_6eYFxgPceRcrHstgDTFcPNuvgh7QEopO5EsB16cTYkSW0eyFZEtWY43IGVaOluhkOfF8UiHzajgDHWtnThmiHZD4YZzhpsSgKzDo6rqkJp2DQln3N1d4zQUUxJXLSzAYAgjvU.5NkVvm3CwbrlC_5Xz4fllf_lBXv-eJ4k0SLXts5gjBg&dib_tag=se&keywords=samsung+phone&qid=1774696520&sr=8-69-spons&sp_csd=d2lkZ2V0TmFtZT1zcF9idGY&psc=1
Samsung Galaxy A02s Smartphone 32GB Storage Factory Unlocked - Black (Renewed),,Samsung,Android,4 GB,Snapdragon,1.8 GHz,(249),https://www.amazon.com/Samsung-Unlocked-Smartphone-Snapdragon-Processor/dp/B09813F5LX/ref=sr_1_68?dib=eyJ2IjoiMSJ9.A6njoknF8EJC9NLPM3SSubUqQ46Cuea78GqU6n3VkAVlhKXcvr6QPd_-I4Ea8bljOJ-kmyRFdSWegRFUCUyhTM_YjBVwLFm0ty7U9_6eYFxgPceRcrHstgDTFcPNuvgh7QEopO5EsB16cTYkSW0eyFZEtWY43IGVaOluhkOfF8UiHzajgDHWtnThmiHZD4YZzhpsSgKzDo6rqkJp2DQln3N1d4zQUUxJXLSzAYAgjvU.5NkVvm3CwbrlC_5Xz4fllf_lBXv-eJ4k0SLXts5gjBg&dib_tag=se&keywords=samsung+phone&qid=1774696520&sr=8-68
SAMSUNG Galaxy S23+ Plus 5G Factory Unlocked 256GB - Phantom Black (Renewed),,Samsung,Android,8 GB,Snapdragon,3.36 GHz,(416),https://www.amazon.com/SAMSUNG-Galaxy-S23-Factory-Unlocked/dp/B0C7DZB9KN/ref=sr_1_67?dib=eyJ2IjoiMSJ9.A6njoknF8EJC9NLPM3SSubUqQ46Cuea78GqU6n3VkAVlhKXcvr6QPd_-I4Ea8bljOJ-kmyRFdSWegRFUCUyhTM_YjBVwLFm0ty7U9_6eYFxgPceRcrHstgDTFcPNuvgh7QEopO5EsB16cTYkSW0eyFZEtWY43IGVaOluhkOfF8UiHzajgDHWtnThmiHZD4YZzhpsSgKzDo6rqkJp2DQln3N1d4zQUUxJXLSzAYAgjvU.5NkVvm3CwbrlC_5Xz4fllf_lBXv-eJ4k0SLXts5gjBg&dib_tag=se&keywords=samsung+phone&qid=1774696520&sr=8-67
Samsung Galaxy A14 5G Unlocked 6.6-Inch Infinity-V Display 1080x2408 FHD+ PLS LCD Android 13 One UI Core 5 Bluetooth 5.2 64GB ROM 4GB RAM Expandable MicroSD,,Samsung,Android,4 GB,Mediatek Dimensity 810,2.2 GHz,(197),https://www.amazon.com/Unlocked-Infinity-V-1080x2408-Bluetooth-Expandable/dp/B0CCPNDQCP/ref=sr_1_66?dib=eyJ2IjoiMSJ9.A6njoknF8EJC9NLPM3SSubUqQ46Cuea78GqU6n3VkAVlhKXcvr6QPd_-I4Ea8bljOJ-kmyRFdSWegRFUCUyhTM_YjBVwLFm0ty7U9_6eYFxgPceRcrHstgDTFcPNuvgh7QEopO5EsB16cTYkSW0eyFZEtWY43IGVaOluhkOfF8UiHzajgDHWtnThmiHZD4YZzhpsSgKzDo6rqkJp2DQln3N1d4zQUUxJXLSzAYAgjvU.5NkVvm3CwbrlC_5Xz4fllf_lBXv-eJ4k0SLXts5gjBg&dib_tag=se&keywords=samsung+phone&qid=1774696520&sr=8-66
Samsung Galaxy S24+ Plus 5G US Version 256GB Marble Gray - Unlocked (Renewed),,Samsung,Android,12 GB,Snapdragon,3.39 GHz,(940),https://www.amazon.com/SAMSUNG-Galaxy-S24-Version-Marble/dp/B0D3658SHD/ref=sr_1_65?dib=eyJ2IjoiMSJ9.A6njoknF8EJC9NLPM3SSubUqQ46Cuea78GqU6n3VkAVlhKXcvr6QPd_-I4Ea8bljOJ-kmyRFdSWegRFUCUyhTM_YjBVwLFm0ty7U9_6eYFxgPceRcrHstgDTFcPNuvgh7QEopO5EsB16cTYkSW0eyFZEtWY43IGVaOluhkOfF8UiHzajgDHWtnThmiHZD4YZzhpsSgKzDo6rqkJp2DQln3N1d4zQUUxJXLSzAYAgjvU.5NkVvm3CwbrlC_5Xz4fllf_lBXv-eJ4k0SLXts5gjBg&dib_tag=se&keywords=samsung%2Bphone&qid=1774696520&sr=8-65&th=1
SAMSUNG Galaxy S21+ Plus 5G (128GB 8GB) 6.7 AMOLED 2X Snapdragon 888 Global 5G Volte (GSM + CDMA) Factory Unlocked (AT&T Verizon T-Mobile Metro) G996U (Wireless Charger Bundle Phantom Violet),,Samsung,Android,8 GB,Snapdragon,2.84 GHz,(26),https://www.amazon.com/Samsung-Snapdragon-Unlocked-T-Mobile-G996U/dp/B096MYYRBZ/ref=sr_1_64?dib=eyJ2IjoiMSJ9.A6njoknF8EJC9NLPM3SSubUqQ46Cuea78GqU6n3VkAVlhKXcvr6QPd_-I4Ea8bljOJ-kmyRFdSWegRFUCUyhTM_YjBVwLFm0ty7U9_6eYFxgPceRcrHstgDTFcPNuvgh7QEopO5EsB16cTYkSW0eyFZEtWY43IGVaOluhkOfF8UiHzajgDHWtnThmiHZD4YZzhpsSgKzDo6rqkJp2DQln3N1d4zQUUxJXLSzAYAgjvU.5NkVvm3CwbrlC_5Xz4fllf_lBXv-eJ4k0SLXts5gjBg&dib_tag=se&keywords=samsung+phone&qid=1774696520&sr=8-64
Samsung Galaxy S23 FE 5G US Version 128GB Black - Unlocked (Renewed),,Samsung,Android,8 GB,Snapdragon,2.8 GHz,(736),https://www.amazon.com/Samsung-Galaxy-Version-128GB-Black/dp/B0CRPQ8W8X/ref=sr_1_63?dib=eyJ2IjoiMSJ9.A6njoknF8EJC9NLPM3SSubUqQ46Cuea78GqU6n3VkAVlhKXcvr6QPd_-I4Ea8bljOJ-kmyRFdSWegRFUCUyhTM_YjBVwLFm0ty7U9_6eYFxgPceRcrHstgDTFcPNuvgh7QEopO5EsB16cTYkSW0eyFZEtWY43IGVaOluhkOfF8UiHzajgDHWtnThmiHZD4YZzhpsSgKzDo6rqkJp2DQln3N1d4zQUUxJXLSzAYAgjvU.5NkVvm3CwbrlC_5Xz4fllf_lBXv-eJ4k0SLXts5gjBg&dib_tag=se&keywords=samsung%2Bphone&qid=1774696520&sr=8-63&th=1
Samsung Galaxy A16 5G A Series Cell Phone Unlocked Android Smartphone Large AMOLED Display Durable Design Super Fast Charging Expandable Storage US Version 2025 Blue Black (Renewed),,Samsung,Android,4 GB,Exynos 1330 S5E8535,2 GHz,(282),https://www.amazon.com/Samsung-A16-Unlocked-Smartphone-Expandable/dp/B0FCJMPV9X/ref=sr_1_62?dib=eyJ2IjoiMSJ9.A6njoknF8EJC9NLPM3SSubUqQ46Cuea78GqU6n3VkAVlhKXcvr6QPd_-I4Ea8bljOJ-kmyRFdSWegRFUCUyhTM_YjBVwLFm0ty7U9_6eYFxgPceRcrHstgDTFcPNuvgh7QEopO5EsB16cTYkSW0eyFZEtWY43IGVaOluhkOfF8UiHzajgDHWtnThmiHZD4YZzhpsSgKzDo6rqkJp2DQln3N1d4zQUUxJXLSzAYAgjvU.5NkVvm3CwbrlC_5Xz4fllf_lBXv-eJ4k0SLXts5gjBg&dib_tag=se&keywords=samsung%2Bphone&qid=1774696520&sr=8-62&th=1
Samsung Galaxy A16 5G 128GB Android Smartphone AMOLED Display Fast Charging Expandable Storage US Version Blue Black only for T-Mobile (Renewed),,Samsung,"Android 14, One UI",8 GB,Samsung Exynos 3110,2.4 GHz,(67),https://www.amazon.com/SAMSUNG-Smartphone-Charging-Expandable-T-Mobile/dp/B0DZ3TW9V5/ref=sr_1_61?dib=eyJ2IjoiMSJ9.A6njoknF8EJC9NLPM3SSubUqQ46Cuea78GqU6n3VkAVlhKXcvr6QPd_-I4Ea8bljOJ-kmyRFdSWegRFUCUyhTM_YjBVwLFm0ty7U9_6eYFxgPceRcrHstgDTFcPNuvgh7QEopO5EsB16cTYkSW0eyFZEtWY43IGVaOluhkOfF8UiHzajgDHWtnThmiHZD4YZzhpsSgKzDo6rqkJp2DQln3N1d4zQUUxJXLSzAYAgjvU.5NkVvm3CwbrlC_5Xz4fllf_lBXv-eJ4k0SLXts5gjBg&dib_tag=se&keywords=samsung+phone&qid=1774696520&sr=8-61
