name,price,brand,operating_system,ram,cpu_model,cpu_speed,ratings_count,url
Scosche MAGDMB MagicMount Magnetic Phone Mount for Car Dashboard Cell Phone Holder with 360° Adjustable Magnet Head Universal Phone Stand for Car Compatible with iPhone Samsung and All Devices,,Scosche,,,,,(55803),https://www.amazon.com/MAGDMB-MagicMount-Universal-Frustration-Packaging/dp/B00I608BJ8/ref=sr_1_131?dib=eyJ2IjoiMSJ9.jz9vc0snu4rtjYnG_tCiCECLz2vV4_97tTwXhfj32nOo75PsAf_xaZGej__wmrQ94NLJT6Tr_cOiIkoR1WLElu6kIdRih035KSFI9fmLafkm7bZxI3NLqeVIBjR93qgUg1OJo7b6hw1EoeuHorLb-ruj5HNLxKxrgAaazsIXwBjX3ahNQnyScSxHwx0ECQXsWsprlMZ659t8Ty_31hwxRw2t44krf9dnoDx8SkIrTSs.OtMRZUv_LFRtS3yz9UD0My-9ZbEZ9vPnZ_nOtzn_DKQ&dib_tag=se&keywords=samsung%2Bphone&qid=1772189691&sr=8-131&th=1
Samsung Galaxy S25 Ultra 5G User Guide: The Ultimate Tips & Tricks Manual with Simple Instructions and Pictures for Beginners & Advanced User’s to Use and Operate the Smartphone,,,,,,,(25),https://www.amazon.com/Samsung-Galaxy-Ultra-User-Guide/dp/B0DTY2LRG9/ref=sr_1_163_sspa?dib=eyJ2IjoiMSJ9.cT3I0rY1zcY81OwTOHIl5Ak5ryhj6xW266c-MZyxIFx6pqPNZwPoHASpWdp7hz2OK58E0pG40zfEMtNMe6e88UqSJzf3SLh8b9s69FPqV8fBqEAktpMTRo6bQgWOk-93GdBdT83K7cmh0jyp5O-8d9zxdl26XXD1sIBwgv1BtHmXYjGgpQhYK5uSNBOpTzuUgnbD0tLItWb618BAqrwBlHjhFY95QrhN_hB-CwKPvOE.pZZahWtz31R4KWJybzJMmgfIipCQGXgcOWD_YJDReTg&dib_tag=se&keywords=samsung+phone&qid=1772189694&sr=8-163-spons&sp_csd=d2lkZ2V0TmFtZT1zcF9idGY&psc=1
Samsung EP-DG930 1.5m USB A USB C Male Male Black USB Cable,,Samsung,,,,,(98),https://www.amazon.com/Samsung-EP-DG930-1-5m-Black-Cable/dp/B0742KBTWM/ref=sr_1_162?dib=eyJ2IjoiMSJ9.cT3I0rY1zcY81OwTOHIl5Ak5ryhj6xW266c-MZyxIFx6pqPNZwPoHASpWdp7hz2OK58E0pG40zfEMtNMe6e88UqSJzf3SLh8b9s69FPqV8fBqEAktpMTRo6bQgWOk-93GdBdT83K7cmh0jyp5O-8d9zxdl26XXD1sIBwgv1BtHmXYjGgpQhYK5uSNBOpTzuUgnbD0tLItWb618BAqrwBlHjhFY95QrhN_hB-CwKPvOE.pZZahWtz31R4KWJybzJMmgfIipCQGXgcOWD_YJDReTg&dib_tag=se&keywords=samsung+phone&qid=1772189694&sr=8-162
Amazon Basics 10W Qi Certified Wireless Charging Stand for Phone 16/15/14/13/12/11/X Samsung and More with USB Cable Black (No AC Adapter),,Amazon Basics,,,,,(5329),https://www.amazon.com/AmazonBasics-Certified-Wireless-Charging-Stand/dp/B0874YN8B9/ref=sr_1_161?dib=eyJ2IjoiMSJ9.cT3I0rY1zcY81OwTOHIl5Ak5ryhj6xW266c-MZyxIFx6pqPNZwPoHASpWdp7hz2OK58E0pG40zfEMtNMe6e88UqSJzf3SLh8b9s69FPqV8fBqEAktpMTRo6bQgWOk-93GdBdT83K7cmh0jyp5O-8d9zxdl26XXD1sIBwgv1BtHmXYjGgpQhYK5uSNBOpTzuUgnbD0tLItWb618BAqrwBlHjhFY95QrhN_hB-CwKPvOE.pZZahWtz31R4KWJybzJMmgfIipCQGXgcOWD_YJDReTg&dib_tag=se&keywords=samsung%2Bphone&qid=1772189694&sr=8-161&th=1
Head Case Designs Officially Licensed Peanuts XOXO Snoopy Boardwalk Airbrush Gel Case [Military Grade Protection] Compatible with Samsung Galaxy S25 and Compatible with MagSafe,,Head Case Designs,,,,,(82),https://www.amazon.com/Head-Case-Designs-Officially-Protection/dp/B0DXF2KWS4/ref=sr_1_160?dib=eyJ2IjoiMSJ9.cT3I0rY1zcY81OwTOHIl5Ak5ryhj6xW266c-MZyxIFx6pqPNZwPoHASpWdp7hz2OK58E0pG40zfEMtNMe6e88UqSJzf3SLh8b9s69FPqV8fBqEAktpMTRo6bQgWOk-93GdBdT83K7cmh0jyp5O-8d9zxdl26XXD1sIBwgv1BtHmXYjGgpQhYK5uSNBOpTzuUgnbD0tLItWb618BAqrwBlHjhFY95QrhN_hB-CwKPvOE.pZZahWtz31R4KWJybzJMmgfIipCQGXgcOWD_YJDReTg&dib_tag=se&keywords=samsung%2Bphone&qid=1772189694&sr=8-160&th=1
STENES Bling Wallet Phone Case Compatible with Samsung Galaxy S22 Ultra - Stylish - 3D Handmade Girls Lipstick High Heel Flowers Leather Cover with Screen Protector & Cable Protector - Red,,STENES,,,,,,https://www.amazon.com/STENES-Case-Samsung-Galaxy-Ultra/dp/B09S6MQFXM/ref=sr_1_159?dib=eyJ2IjoiMSJ9.cT3I0rY1zcY81OwTOHIl5Ak5ryhj6xW266c-MZyxIFx6pqPNZwPoHASpWdp7hz2OK58E0pG40zfEMtNMe6e88UqSJzf3SLh8b9s69FPqV8fBqEAktpMTRo6bQgWOk-93GdBdT83K7cmh0jyp5O-8d9zxdl26XXD1sIBwgv1BtHmXYjGgpQhYK5uSNBOpTzuUgnbD0tLItWb618BAqrwBlHjhFY95QrhN_hB-CwKPvOE.pZZahWtz31R4KWJybzJMmgfIipCQGXgcOWD_YJDReTg&dib_tag=se&keywords=samsung%2Bphone&qid=1772189694&sr=8-159&th=1
USB Charger ASOMETECH 100W 8 Port Multiple USB Charging Station with 4 Quick Charge 3.0 4 USB C PD Port Wireless Charger LCD Display Fast Charging Hub for iPhone 13 12 iPad Samsung and More,,ASOMETECH,,,,,(728),https://www.amazon.com/Charger-ASOMETECH-Multiple-Charging-Wireless/dp/B09ZHV9GK1/ref=sr_1_158?dib=eyJ2IjoiMSJ9.cT3I0rY1zcY81OwTOHIl5Ak5ryhj6xW266c-MZyxIFx6pqPNZwPoHASpWdp7hz2OK58E0pG40zfEMtNMe6e88UqSJzf3SLh8b9s69FPqV8fBqEAktpMTRo6bQgWOk-93GdBdT83K7cmh0jyp5O-8d9zxdl26XXD1sIBwgv1BtHmXYjGgpQhYK5uSNBOpTzuUgnbD0tLItWb618BAqrwBlHjhFY95QrhN_hB-CwKPvOE.pZZahWtz31R4KWJybzJMmgfIipCQGXgcOWD_YJDReTg&dib_tag=se&keywords=samsung%2Bphone&qid=1772189694&sr=8-158&th=1
Designed for Samsung Spigen ThinFit Magnetic Case for Galaxy Z Flip7 Slim Two Piece Phone Case with Magnet for Attaching Gadgets Air Cushion Technology Qi2 Charger Compatible Black,,Samsung,,,,,(1),https://www.amazon.com/Designed-Samsung-Attaching-Technology-Compatible/dp/B0FBMC977P/ref=sr_1_157?dib=eyJ2IjoiMSJ9.cT3I0rY1zcY81OwTOHIl5Ak5ryhj6xW266c-MZyxIFx6pqPNZwPoHASpWdp7hz2OK58E0pG40zfEMtNMe6e88UqSJzf3SLh8b9s69FPqV8fBqEAktpMTRo6bQgWOk-93GdBdT83K7cmh0jyp5O-8d9zxdl26XXD1sIBwgv1BtHmXYjGgpQhYK5uSNBOpTzuUgnbD0tLItWb618BAqrwBlHjhFY95QrhN_hB-CwKPvOE.pZZahWtz31R4KWJybzJMmgfIipCQGXgcOWD_YJDReTg&dib_tag=se&keywords=samsung+phone&qid=1772189694&sr=8-157
Quad Lock MAG Phone Case for Samsung Galaxy S23,,Quad Lock,,,,,(107),https://www.amazon.com/Quad-Lock-Samsung-Galaxy-Black/dp/B0BVQ6G6NY/ref=sr_1_156?dib=eyJ2IjoiMSJ9.cT3I0rY1zcY81OwTOHIl5Ak5ryhj6xW266c-MZyxIFx6pqPNZwPoHASpWdp7hz2OK58E0pG40zfEMtNMe6e88UqSJzf3SLh8b9s69FPqV8fBqEAktpMTRo6bQgWOk-93GdBdT83K7cmh0jyp5O-8d9zxdl26XXD1sIBwgv1BtHmXYjGgpQhYK5uSNBOpTzuUgnbD0tLItWb618BAqrwBlHjhFY95QrhN_hB-CwKPvOE.pZZahWtz31R4KWJybzJMmgfIipCQGXgcOWD_YJDReTg&dib_tag=se&keywords=samsung+phone&qid=1772189694&sr=8-156
DEWALT Heavy Duty USB C Cable Premium Braided Nylon USB A to Type C Charger Cable Fast Charging for iPhone 17/16/15 Series Samsung Galaxy S10 S10+ / Note 9 LG V30 (USB 2.0 Black),,DEWALT,,,,,(1960),https://www.amazon.com/DEWALT-Premium-Braided-Charger-Charging/dp/B0821R5BVX/ref=sr_1_155?dib=eyJ2IjoiMSJ9.cT3I0rY1zcY81OwTOHIl5Ak5ryhj6xW266c-MZyxIFx6pqPNZwPoHASpWdp7hz2OK58E0pG40zfEMtNMe6e88UqSJzf3SLh8b9s69FPqV8fBqEAktpMTRo6bQgWOk-93GdBdT83K7cmh0jyp5O-8d9zxdl26XXD1sIBwgv1BtHmXYjGgpQhYK5uSNBOpTzuUgnbD0tLItWb618BAqrwBlHjhFY95QrhN_hB-CwKPvOE.pZZahWtz31R4KWJybzJMmgfIipCQGXgcOWD_YJDReTg&dib_tag=se&keywords=samsung%2Bphone&qid=1772189694&sr=8-155&th=1
Samsung Negro CARGADOR CON CARGA Super RÁPIDA 25W USB TIPO C SIN Cable,,Samsung,,,,,(583),https://www.amazon.com/SAMSUNG-NEGRO-CARGADOR-CARGA-R%C3%81PIDA/dp/B08P95B5FR/ref=sr_1_154?dib=eyJ2IjoiMSJ9.cT3I0rY1zcY81OwTOHIl5Ak5ryhj6xW266c-MZyxIFx6pqPNZwPoHASpWdp7hz2OK58E0pG40zfEMtNMe6e88UqSJzf3SLh8b9s69FPqV8fBqEAktpMTRo6bQgWOk-93GdBdT83K7cmh0jyp5O-8d9zxdl26XXD1sIBwgv1BtHmXYjGgpQhYK5uSNBOpTzuUgnbD0tLItWb618BAqrwBlHjhFY95QrhN_hB-CwKPvOE.pZZahWtz31R4KWJybzJMmgfIipCQGXgcOWD_YJDReTg&dib_tag=se&keywords=samsung+phone&qid=1772189694&sr=8-154
Samsung Galaxy Official S Pen Case for Galaxy Z Fold6 Grey,,Samsung,,,,,(670),https://www.amazon.com/Samsung-Galaxy-Official-Case-Fold6/dp/B0D472PFLM/ref=sr_1_153?dib=eyJ2IjoiMSJ9.cT3I0rY1zcY81OwTOHIl5Ak5ryhj6xW266c-MZyxIFx6pqPNZwPoHASpWdp7hz2OK58E0pG40zfEMtNMe6e88UqSJzf3SLh8b9s69FPqV8fBqEAktpMTRo6bQgWOk-93GdBdT83K7cmh0jyp5O-8d9zxdl26XXD1sIBwgv1BtHmXYjGgpQhYK5uSNBOpTzuUgnbD0tLItWb618BAqrwBlHjhFY95QrhN_hB-CwKPvOE.pZZahWtz31R4KWJybzJMmgfIipCQGXgcOWD_YJDReTg&dib_tag=se&keywords=samsung%2Bphone&qid=1772189694&sr=8-153&th=1
PopSockets Phone Wallet with Expanding Grip and Adapter Ring for MagSafe Magnetic Phone Card Holder Wireless Charging Compatible Wallet Compatible with MagSafe/Samsung - Black,,PopSockets,,,,,(5555),https://www.amazon.com/PopSockets-Expanding-Wireless-Charging-Compatible/dp/B0CDPH5P6T/ref=sr_1_152?dib=eyJ2IjoiMSJ9.cT3I0rY1zcY81OwTOHIl5Ak5ryhj6xW266c-MZyxIFx6pqPNZwPoHASpWdp7hz2OK58E0pG40zfEMtNMe6e88UqSJzf3SLh8b9s69FPqV8fBqEAktpMTRo6bQgWOk-93GdBdT83K7cmh0jyp5O-8d9zxdl26XXD1sIBwgv1BtHmXYjGgpQhYK5uSNBOpTzuUgnbD0tLItWb618BAqrwBlHjhFY95QrhN_hB-CwKPvOE.pZZahWtz31R4KWJybzJMmgfIipCQGXgcOWD_YJDReTg&dib_tag=se&keywords=samsung%2Bphone&qid=1772189694&sr=8-152&th=1
Freewell 1.33x Gold Anamorphic Lens Compatible with 17mm Mount iPhone Samsung - Cinematic Smartphone Lens with Wide Aspect Rich Gold Flare and Enhanced Film Look,,FREEWELL,,,,,(231),https://www.amazon.com/Freewell-Anamorphic-Compatible-iPhone-Samsung/dp/B0DNK1YMD1/ref=sr_1_151?dib=eyJ2IjoiMSJ9.cT3I0rY1zcY81OwTOHIl5Ak5ryhj6xW266c-MZyxIFx6pqPNZwPoHASpWdp7hz2OK58E0pG40zfEMtNMe6e88UqSJzf3SLh8b9s69FPqV8fBqEAktpMTRo6bQgWOk-93GdBdT83K7cmh0jyp5O-8d9zxdl26XXD1sIBwgv1BtHmXYjGgpQhYK5uSNBOpTzuUgnbD0tLItWb618BAqrwBlHjhFY95QrhN_hB-CwKPvOE.pZZahWtz31R4KWJybzJMmgfIipCQGXgcOWD_YJDReTg&dib_tag=se&keywords=samsung%2Bphone&qid=1772189694&sr=8-151&th=1
Amazon Basics 15W Qi Certified Fast Wireless Charging Pad with USB Cable for iPhone 15/14/13/12/11/X Samsung and LG Case Compatible Black,,Amazon Basics,,,,,(6051),https://www.amazon.com/AmazonBasics-15W-Certified-Wireless-Charging/dp/B0872RLX6Z/ref=sr_1_150?dib=eyJ2IjoiMSJ9.cT3I0rY1zcY81OwTOHIl5Ak5ryhj6xW266c-MZyxIFx6pqPNZwPoHASpWdp7hz2OK58E0pG40zfEMtNMe6e88UqSJzf3SLh8b9s69FPqV8fBqEAktpMTRo6bQgWOk-93GdBdT83K7cmh0jyp5O-8d9zxdl26XXD1sIBwgv1BtHmXYjGgpQhYK5uSNBOpTzuUgnbD0tLItWb618BAqrwBlHjhFY95QrhN_hB-CwKPvOE.pZZahWtz31R4KWJybzJMmgfIipCQGXgcOWD_YJDReTg&dib_tag=se&keywords=samsung+phone&qid=1772189694&sr=8-150
Samsung 15W Wall Charger Type C Only (Cable not Included) White,,Samsung,,,,,(606),https://www.amazon.com/Samsung-Charger-Cable-Included-White/dp/B09JZZVSFF/ref=sr_1_149?dib=eyJ2IjoiMSJ9.cT3I0rY1zcY81OwTOHIl5Ak5ryhj6xW266c-MZyxIFx6pqPNZwPoHASpWdp7hz2OK58E0pG40zfEMtNMe6e88UqSJzf3SLh8b9s69FPqV8fBqEAktpMTRo6bQgWOk-93GdBdT83K7cmh0jyp5O-8d9zxdl26XXD1sIBwgv1BtHmXYjGgpQhYK5uSNBOpTzuUgnbD0tLItWb618BAqrwBlHjhFY95QrhN_hB-CwKPvOE.pZZahWtz31R4KWJybzJMmgfIipCQGXgcOWD_YJDReTg&dib_tag=se&keywords=samsung%2Bphone&qid=1772189694&sr=8-149&th=1
INIU Portable Charger Slimmest Fast Charging 10000mAh USB C in/Out Power Bank 22.5W PD3.0 QC4+ Battery Pack Portable Phone Charger for iPhone 16 15 14 13 12 Pro Samsung S22 S21 Google AirPods iPad,,INIU,,,,,(20028),https://www.amazon.com/INIU-Portable-Charger-10500mAh-Charging/dp/B08K7GHZ3V/ref=sr_1_148?dib=eyJ2IjoiMSJ9.cT3I0rY1zcY81OwTOHIl5Ak5ryhj6xW266c-MZyxIFx6pqPNZwPoHASpWdp7hz2OK58E0pG40zfEMtNMe6e88UqSJzf3SLh8b9s69FPqV8fBqEAktpMTRo6bQgWOk-93GdBdT83K7cmh0jyp5O-8d9zxdl26XXD1sIBwgv1BtHmXYjGgpQhYK5uSNBOpTzuUgnbD0tLItWb618BAqrwBlHjhFY95QrhN_hB-CwKPvOE.pZZahWtz31R4KWJybzJMmgfIipCQGXgcOWD_YJDReTg&dib_tag=se&keywords=samsung%2Bphone&qid=1772189694&sr=8-148&th=1
Samsung 20 Pin Corded Travel Charger-ATADS10JBE (Black),,Samsung,,,,,(37),https://www.amazon.com/Original-Charger-Adapter-Samsung-Gravity/dp/B0030AV4J8/ref=sr_1_147?dib=eyJ2IjoiMSJ9.cT3I0rY1zcY81OwTOHIl5Ak5ryhj6xW266c-MZyxIFx6pqPNZwPoHASpWdp7hz2OK58E0pG40zfEMtNMe6e88UqSJzf3SLh8b9s69FPqV8fBqEAktpMTRo6bQgWOk-93GdBdT83K7cmh0jyp5O-8d9zxdl26XXD1sIBwgv1BtHmXYjGgpQhYK5uSNBOpTzuUgnbD0tLItWb618BAqrwBlHjhFY95QrhN_hB-CwKPvOE.pZZahWtz31R4KWJybzJMmgfIipCQGXgcOWD_YJDReTg&dib_tag=se&keywords=samsung+phone&qid=1772189694&sr=8-147
Getting Started with the Samsung Galaxy Samsung A55 and A35 5g: The Insanely Easy Guide to the Samsung Galaxy A55 and A35 and Android 14 One Ui 6.1,,,,,,,(3),https://www.amazon.com/Getting-Started-Samsung-Galaxy-A55/dp/B0CYP1GZTB/ref=sr_1_146_sspa?dib=eyJ2IjoiMSJ9.cT3I0rY1zcY81OwTOHIl5Ak5ryhj6xW266c-MZyxIFx6pqPNZwPoHASpWdp7hz2OK58E0pG40zfEMtNMe6e88UqSJzf3SLh8b9s69FPqV8fBqEAktpMTRo6bQgWOk-93GdBdT83K7cmh0jyp5O-8d9zxdl26XXD1sIBwgv1BtHmXYjGgpQhYK5uSNBOpTzuUgnbD0tLItWb618BAqrwBlHjhFY95QrhN_hB-CwKPvOE.pZZahWtz31R4KWJybzJMmgfIipCQGXgcOWD_YJDReTg&dib_tag=se&keywords=samsung+phone&qid=1772189694&sr=8-146-spons&sp_csd=d2lkZ2V0TmFtZT1zcF9hdGZfbmV4dA&psc=1
Samsung Galaxy Z Fold 7 Z Flip 7 and Flip 7 FE User Guide: The Ultimate Tips & Tricks Manual with Simple Instructions and Pictures for Beginners & Advanced User’s to Use and Operate the Smartphones,,,,,,,(4),https://www.amazon.com/Samsung-Galaxy-Fold-Flip-Guide/dp/B0FHG5865N/ref=sr_1_145_sspa?dib=eyJ2IjoiMSJ9.cT3I0rY1zcY81OwTOHIl5Ak5ryhj6xW266c-MZyxIFx6pqPNZwPoHASpWdp7hz2OK58E0pG40zfEMtNMe6e88UqSJzf3SLh8b9s69FPqV8fBqEAktpMTRo6bQgWOk-93GdBdT83K7cmh0jyp5O-8d9zxdl26XXD1sIBwgv1BtHmXYjGgpQhYK5uSNBOpTzuUgnbD0tLItWb618BAqrwBlHjhFY95QrhN_hB-CwKPvOE.pZZahWtz31R4KWJybzJMmgfIipCQGXgcOWD_YJDReTg&dib_tag=se&keywords=samsung+phone&qid=1772189694&sr=8-145-spons&sp_csd=d2lkZ2V0TmFtZT1zcF9hdGZfbmV4dA&psc=1
Samsung Galaxy A36 5G User Guide for Seniors and Beginners: Complete Illustrated Step -by -Step Instructions to Navigate Technology Without Frustration or Fear,,,,,,,(1),https://www.amazon.com/Samsung-Galaxy-Guide-Seniors-Beginners/dp/B0FMPC6VC3/ref=sr_1_149_sspa?dib=eyJ2IjoiMSJ9.jz9vc0snu4rtjYnG_tCiCECLz2vV4_97tTwXhfj32nOo75PsAf_xaZGej__wmrQ94NLJT6Tr_cOiIkoR1WLElu6kIdRih035KSFI9fmLafkm7bZxI3NLqeVIBjR93qgUg1OJo7b6hw1EoeuHorLb-ruj5HNLxKxrgAaazsIXwBjX3ahNQnyScSxHwx0ECQXsWsprlMZ659t8Ty_31hwxRw2t44krf9dnoDx8SkIrTSs.OtMRZUv_LFRtS3yz9UD0My-9ZbEZ9vPnZ_nOtzn_DKQ&dib_tag=se&keywords=samsung+phone&qid=1772189691&sr=8-149-spons&sp_csd=d2lkZ2V0TmFtZT1zcF9idGY&psc=1
Samsung Galaxy S25 Ultra 5G User Guide: The Ultimate Tips & Tricks Manual with Simple Instructions and Pictures for Beginners & Advanced User’s to Use and Operate the Smartphone,,,,,,,(25),https://www.amazon.com/Samsung-Galaxy-Ultra-User-Guide/dp/B0DTY2LRG9/ref=sr_1_148_sspa?dib=eyJ2IjoiMSJ9.jz9vc0snu4rtjYnG_tCiCECLz2vV4_97tTwXhfj32nOo75PsAf_xaZGej__wmrQ94NLJT6Tr_cOiIkoR1WLElu6kIdRih035KSFI9fmLafkm7bZxI3NLqeVIBjR93qgUg1OJo7b6hw1EoeuHorLb-ruj5HNLxKxrgAaazsIXwBjX3ahNQnyScSxHwx0ECQXsWsprlMZ659t8Ty_31hwxRw2t44krf9dnoDx8SkIrTSs.OtMRZUv_LFRtS3yz9UD0My-9ZbEZ9vPnZ_nOtzn_DKQ&dib_tag=se&keywords=samsung+phone&qid=1772189691&sr=8-148-spons&sp_csd=d2lkZ2V0TmFtZT1zcF9idGY&psc=1
Samsung Silicone Cover Case for Galaxy A55 5G Black,,Samsung,,,,,(257),https://www.amazon.com/Samsung-Silicone-Cover-Galaxy-Black/dp/B0CW1QLTRG/ref=sr_1_147?dib=eyJ2IjoiMSJ9.jz9vc0snu4rtjYnG_tCiCECLz2vV4_97tTwXhfj32nOo75PsAf_xaZGej__wmrQ94NLJT6Tr_cOiIkoR1WLElu6kIdRih035KSFI9fmLafkm7bZxI3NLqeVIBjR93qgUg1OJo7b6hw1EoeuHorLb-ruj5HNLxKxrgAaazsIXwBjX3ahNQnyScSxHwx0ECQXsWsprlMZ659t8Ty_31hwxRw2t44krf9dnoDx8SkIrTSs.OtMRZUv_LFRtS3yz9UD0My-9ZbEZ9vPnZ_nOtzn_DKQ&dib_tag=se&keywords=samsung%2Bphone&qid=1772189691&sr=8-147&th=1
Samsung Wireless Charger Fast Charging for Samsung Galaxy S26 Ultra/S26+/S26/S25 Ultra/S25/S24/S23/S22/S21/S20 FE Android Wireless Charger Pad Phone Charging Station for Google Pixel 10 9a 8a 7 Pro,,Sidpro,,,,,(1182),https://www.amazon.com/Samsung-Wireless-Charger-Charging-Station/dp/B0CBP9HJXM/ref=sr_1_146?dib=eyJ2IjoiMSJ9.jz9vc0snu4rtjYnG_tCiCECLz2vV4_97tTwXhfj32nOo75PsAf_xaZGej__wmrQ94NLJT6Tr_cOiIkoR1WLElu6kIdRih035KSFI9fmLafkm7bZxI3NLqeVIBjR93qgUg1OJo7b6hw1EoeuHorLb-ruj5HNLxKxrgAaazsIXwBjX3ahNQnyScSxHwx0ECQXsWsprlMZ659t8Ty_31hwxRw2t44krf9dnoDx8SkIrTSs.OtMRZUv_LFRtS3yz9UD0My-9ZbEZ9vPnZ_nOtzn_DKQ&dib_tag=se&keywords=samsung%2Bphone&qid=1772189691&sr=8-146&th=1
Wireless Charger 15W Max Fast Wireless Charging Pad 2-Pack Compatible with iPhone 17/17 Air/17 Pro/17 Pro Max/16/15/14/13/12/Samsung S24/S24Ultra/S23Ultra/S22/S21AirPods Pro2,,COKOEYE,,,,,(6536),https://www.amazon.com/Wireless-Charger-Qi-Certified-Charging-Compatible/dp/B09SHQFVPW/ref=sr_1_145?dib=eyJ2IjoiMSJ9.jz9vc0snu4rtjYnG_tCiCECLz2vV4_97tTwXhfj32nOo75PsAf_xaZGej__wmrQ94NLJT6Tr_cOiIkoR1WLElu6kIdRih035KSFI9fmLafkm7bZxI3NLqeVIBjR93qgUg1OJo7b6hw1EoeuHorLb-ruj5HNLxKxrgAaazsIXwBjX3ahNQnyScSxHwx0ECQXsWsprlMZ659t8Ty_31hwxRw2t44krf9dnoDx8SkIrTSs.OtMRZUv_LFRtS3yz9UD0My-9ZbEZ9vPnZ_nOtzn_DKQ&dib_tag=se&keywords=samsung%2Bphone&qid=1772189691&sr=8-145&th=1
iOttie Easy One Touch Advanced Air Vent Car Phone Mount - Universal Cell Phone Holder for iPhone Google Samsung Moto LG and All Other Smartphones,,iOttie,,,,,(141732),https://www.amazon.com/iOttie-Easy-Touch-Phone-Mount/dp/B0C7LJTXRJ/ref=sr_1_144?dib=eyJ2IjoiMSJ9.jz9vc0snu4rtjYnG_tCiCECLz2vV4_97tTwXhfj32nOo75PsAf_xaZGej__wmrQ94NLJT6Tr_cOiIkoR1WLElu6kIdRih035KSFI9fmLafkm7bZxI3NLqeVIBjR93qgUg1OJo7b6hw1EoeuHorLb-ruj5HNLxKxrgAaazsIXwBjX3ahNQnyScSxHwx0ECQXsWsprlMZ659t8Ty_31hwxRw2t44krf9dnoDx8SkIrTSs.OtMRZUv_LFRtS3yz9UD0My-9ZbEZ9vPnZ_nOtzn_DKQ&dib_tag=se&keywords=samsung%2Bphone&qid=1772189691&sr=8-144&th=1
Designed for Samsung Spigen ThinFit Magnetic Case for Galaxy Z Fold7 Slim Two Piece Phone Case with Magnet for Attaching Gadgets Air Cushion Technology Qi2 Charger Compatible Black,,Samsung,,,,,(12),https://www.amazon.com/Designed-Samsung-Attaching-Technology-Compatible/dp/B0FBMB9RVM/ref=sr_1_143?dib=eyJ2IjoiMSJ9.jz9vc0snu4rtjYnG_tCiCECLz2vV4_97tTwXhfj32nOo75PsAf_xaZGej__wmrQ94NLJT6Tr_cOiIkoR1WLElu6kIdRih035KSFI9fmLafkm7bZxI3NLqeVIBjR93qgUg1OJo7b6hw1EoeuHorLb-ruj5HNLxKxrgAaazsIXwBjX3ahNQnyScSxHwx0ECQXsWsprlMZ659t8Ty_31hwxRw2t44krf9dnoDx8SkIrTSs.OtMRZUv_LFRtS3yz9UD0My-9ZbEZ9vPnZ_nOtzn_DKQ&dib_tag=se&keywords=samsung+phone&qid=1772189691&sr=8-143
Samsung 25W Wall Charger Power Adapter Cable Not Included Super Fast Charging Compact Design Energy Efficient Compatible with Galaxy and USB Type C Devices Black,,Samsung,,,,,(3086),https://www.amazon.com/SAMSUNG-Charger-Included-Charging-Compatible/dp/B0CB93HQKP/ref=sr_1_142?dib=eyJ2IjoiMSJ9.jz9vc0snu4rtjYnG_tCiCECLz2vV4_97tTwXhfj32nOo75PsAf_xaZGej__wmrQ94NLJT6Tr_cOiIkoR1WLElu6kIdRih035KSFI9fmLafkm7bZxI3NLqeVIBjR93qgUg1OJo7b6hw1EoeuHorLb-ruj5HNLxKxrgAaazsIXwBjX3ahNQnyScSxHwx0ECQXsWsprlMZ659t8Ty_31hwxRw2t44krf9dnoDx8SkIrTSs.OtMRZUv_LFRtS3yz9UD0My-9ZbEZ9vPnZ_nOtzn_DKQ&dib_tag=se&keywords=samsung%2Bphone&qid=1772189691&sr=8-142&th=1
C Charger Cable Fast Charging 5Pack 6Ft Type USB C Cords Phone Charger for Android Compatible for Samsung Galaxy S26 S25 S23 S21 S20 Ultra S10 S8 S9 Plus S23 S24 S22 A51 A20 iPhone 16 15 Moto X4 Z3,,Niniber,,,,,(9795),https://www.amazon.com/Charger-Charging-Samsung-Galaxy-OnePlus/dp/B07WT1WWX5/ref=sr_1_141?dib=eyJ2IjoiMSJ9.jz9vc0snu4rtjYnG_tCiCECLz2vV4_97tTwXhfj32nOo75PsAf_xaZGej__wmrQ94NLJT6Tr_cOiIkoR1WLElu6kIdRih035KSFI9fmLafkm7bZxI3NLqeVIBjR93qgUg1OJo7b6hw1EoeuHorLb-ruj5HNLxKxrgAaazsIXwBjX3ahNQnyScSxHwx0ECQXsWsprlMZ659t8Ty_31hwxRw2t44krf9dnoDx8SkIrTSs.OtMRZUv_LFRtS3yz9UD0My-9ZbEZ9vPnZ_nOtzn_DKQ&dib_tag=se&keywords=samsung+phone&qid=1772189691&sr=8-141
C Charger Cable Fast Charging Phone Android Power Cord 4 Compatible for Samsung Galaxy S24+ S23 Ultra S22 Plus Note 21/20 Ultra S21+/S20 Plus/S21 S20 FE/S10 Plus/S9 A11/A21/A51/A71 Google 5 4A XL 7,,Niniber,,,,,(10486),https://www.amazon.com/Charger-Charging-Android-Samsung-S21Ultra/dp/B08Y8QJKX8/ref=sr_1_140?dib=eyJ2IjoiMSJ9.jz9vc0snu4rtjYnG_tCiCECLz2vV4_97tTwXhfj32nOo75PsAf_xaZGej__wmrQ94NLJT6Tr_cOiIkoR1WLElu6kIdRih035KSFI9fmLafkm7bZxI3NLqeVIBjR93qgUg1OJo7b6hw1EoeuHorLb-ruj5HNLxKxrgAaazsIXwBjX3ahNQnyScSxHwx0ECQXsWsprlMZ659t8Ty_31hwxRw2t44krf9dnoDx8SkIrTSs.OtMRZUv_LFRtS3yz9UD0My-9ZbEZ9vPnZ_nOtzn_DKQ&dib_tag=se&keywords=samsung+phone&qid=1772189691&sr=8-140
Getting Started with the Samsung Galaxy Samsung A55 and A35 5g: The Insanely Easy Guide to the Samsung Galaxy A55 and A35 and Android 14 One Ui 6.1,,,,,,,(3),https://www.amazon.com/Getting-Started-Samsung-Galaxy-A55-ebook/dp/B0CYHJMMFJ/ref=sr_1_139_sspa?dib=eyJ2IjoiMSJ9.jz9vc0snu4rtjYnG_tCiCECLz2vV4_97tTwXhfj32nOo75PsAf_xaZGej__wmrQ94NLJT6Tr_cOiIkoR1WLElu6kIdRih035KSFI9fmLafkm7bZxI3NLqeVIBjR93qgUg1OJo7b6hw1EoeuHorLb-ruj5HNLxKxrgAaazsIXwBjX3ahNQnyScSxHwx0ECQXsWsprlMZ659t8Ty_31hwxRw2t44krf9dnoDx8SkIrTSs.OtMRZUv_LFRtS3yz9UD0My-9ZbEZ9vPnZ_nOtzn_DKQ&dib_tag=se&keywords=samsung+phone&qid=1772189691&sr=8-139-spons&sp_csd=d2lkZ2V0TmFtZT1zcF9tdGY&psc=1
DEWALT Heavy Duty USB C Cable Jobsite 60 Watt USB C Cable High Speed Type-C to Type-C Fast Charge PD USBC Fast Charging Cord for iPhone 16/15 Plus Pro Max MacBook iPad Samsung Galaxy 4 ft,,DEWALT,,,,,(713),https://www.amazon.com/DEWALT-Jobsite-Charging-MacBook-Samsung/dp/B0821S77BZ/ref=sr_1_138?dib=eyJ2IjoiMSJ9.jz9vc0snu4rtjYnG_tCiCECLz2vV4_97tTwXhfj32nOo75PsAf_xaZGej__wmrQ94NLJT6Tr_cOiIkoR1WLElu6kIdRih035KSFI9fmLafkm7bZxI3NLqeVIBjR93qgUg1OJo7b6hw1EoeuHorLb-ruj5HNLxKxrgAaazsIXwBjX3ahNQnyScSxHwx0ECQXsWsprlMZ659t8Ty_31hwxRw2t44krf9dnoDx8SkIrTSs.OtMRZUv_LFRtS3yz9UD0My-9ZbEZ9vPnZ_nOtzn_DKQ&dib_tag=se&keywords=samsung%2Bphone&qid=1772189691&sr=8-138&th=1
INIU Portable Charger Smallest 22.5W 10000mAh Power Bank USB C in/Output Fast Charging 3-Output Mini Battery Pack Charger with Phone Holder for iPhone 17 16 15 14 Air Samsung S23 Google iPad Tablet,,INIU,,,,,(11699),https://www.amazon.com/INIU-Portable-Charging-10000mAh-Tablets/dp/B09176JCKZ/ref=sr_1_137?dib=eyJ2IjoiMSJ9.jz9vc0snu4rtjYnG_tCiCECLz2vV4_97tTwXhfj32nOo75PsAf_xaZGej__wmrQ94NLJT6Tr_cOiIkoR1WLElu6kIdRih035KSFI9fmLafkm7bZxI3NLqeVIBjR93qgUg1OJo7b6hw1EoeuHorLb-ruj5HNLxKxrgAaazsIXwBjX3ahNQnyScSxHwx0ECQXsWsprlMZ659t8Ty_31hwxRw2t44krf9dnoDx8SkIrTSs.OtMRZUv_LFRtS3yz9UD0My-9ZbEZ9vPnZ_nOtzn_DKQ&dib_tag=se&keywords=samsung%2Bphone&qid=1772189691&sr=8-137&th=1
Klein Tools 55461 Phone Holder Large Fits iPhone Google LG Samsung Phones With Magnetic Closure and Belt Clip,,KLEIN TOOLS,,,,,(2741),https://www.amazon.com/Tradesman-Holder-Klein-Tools-55461/dp/B00G8RNLWI/ref=sr_1_136?dib=eyJ2IjoiMSJ9.jz9vc0snu4rtjYnG_tCiCECLz2vV4_97tTwXhfj32nOo75PsAf_xaZGej__wmrQ94NLJT6Tr_cOiIkoR1WLElu6kIdRih035KSFI9fmLafkm7bZxI3NLqeVIBjR93qgUg1OJo7b6hw1EoeuHorLb-ruj5HNLxKxrgAaazsIXwBjX3ahNQnyScSxHwx0ECQXsWsprlMZ659t8Ty_31hwxRw2t44krf9dnoDx8SkIrTSs.OtMRZUv_LFRtS3yz9UD0My-9ZbEZ9vPnZ_nOtzn_DKQ&dib_tag=se&keywords=samsung%2Bphone&qid=1772189691&sr=8-136&th=1
Fast Car Phone Charger for Samsung Galaxy S26 S26+ S25 FE Edge Ultra Plus S25+ S24 FE A55 A35 A15 S24 S23 S22 S21 S20 5G FE S10 S10e S9 S8 Note 20 10 9 8 Accessories Adapter Type C Cable 3ft,,FiveBox,,,,,(3801),https://www.amazon.com/Charger-Samsung-Galaxy-Ultra-Adapter/dp/B09495Z33H/ref=sr_1_135?dib=eyJ2IjoiMSJ9.jz9vc0snu4rtjYnG_tCiCECLz2vV4_97tTwXhfj32nOo75PsAf_xaZGej__wmrQ94NLJT6Tr_cOiIkoR1WLElu6kIdRih035KSFI9fmLafkm7bZxI3NLqeVIBjR93qgUg1OJo7b6hw1EoeuHorLb-ruj5HNLxKxrgAaazsIXwBjX3ahNQnyScSxHwx0ECQXsWsprlMZ659t8Ty_31hwxRw2t44krf9dnoDx8SkIrTSs.OtMRZUv_LFRtS3yz9UD0My-9ZbEZ9vPnZ_nOtzn_DKQ&dib_tag=se&keywords=samsung%2Bphone&qid=1772189691&sr=8-135&th=1
Samsung USB C Flash Drive 512GB 400MB/s Read 110MB/s Write USB 3.2 Gen1 Flash Drive for Notebooks Tablets and Smartphones Titan Gray MUF-512DA4/APC,,Samsung,,,,,(3454),https://www.amazon.com/Samsung-Notebooks-Smartphones-MUF-512DA4-APC/dp/B0D9451C16/ref=sr_1_134?dib=eyJ2IjoiMSJ9.jz9vc0snu4rtjYnG_tCiCECLz2vV4_97tTwXhfj32nOo75PsAf_xaZGej__wmrQ94NLJT6Tr_cOiIkoR1WLElu6kIdRih035KSFI9fmLafkm7bZxI3NLqeVIBjR93qgUg1OJo7b6hw1EoeuHorLb-ruj5HNLxKxrgAaazsIXwBjX3ahNQnyScSxHwx0ECQXsWsprlMZ659t8Ty_31hwxRw2t44krf9dnoDx8SkIrTSs.OtMRZUv_LFRtS3yz9UD0My-9ZbEZ9vPnZ_nOtzn_DKQ&dib_tag=se&keywords=samsung%2Bphone&qid=1772189691&sr=8-134&th=1
OtterBox Samsung Galaxy S24 Ultra Defender Series Case - Black Rugged & Durable with Port Protection Includes Holster Clip Kickstand,,OtterBox,,,,,(2268),https://www.amazon.com/OtterBox-Samsung-Galaxy-Ultra-Defender/dp/B0CQKPYKCG/ref=sr_1_133?dib=eyJ2IjoiMSJ9.jz9vc0snu4rtjYnG_tCiCECLz2vV4_97tTwXhfj32nOo75PsAf_xaZGej__wmrQ94NLJT6Tr_cOiIkoR1WLElu6kIdRih035KSFI9fmLafkm7bZxI3NLqeVIBjR93qgUg1OJo7b6hw1EoeuHorLb-ruj5HNLxKxrgAaazsIXwBjX3ahNQnyScSxHwx0ECQXsWsprlMZ659t8Ty_31hwxRw2t44krf9dnoDx8SkIrTSs.OtMRZUv_LFRtS3yz9UD0My-9ZbEZ9vPnZ_nOtzn_DKQ&dib_tag=se&keywords=samsung%2Bphone&qid=1772189691&sr=8-133&th=1
APEXEL 2-in-1 Telephoto Lens & 150mm Macro Lens for | 6X Telephoto and Macro Lens Kit with Universal Clip | Compatible with 16/15/14/13 Pro/Max Samsung and Android Smartphones,,APEXEL,,,,,(5),https://www.amazon.com/APEXEL-Telephoto-Universal-Compatible-Smartphones/dp/B0GK7Z2LQH/ref=sr_1_132?dib=eyJ2IjoiMSJ9.jz9vc0snu4rtjYnG_tCiCECLz2vV4_97tTwXhfj32nOo75PsAf_xaZGej__wmrQ94NLJT6Tr_cOiIkoR1WLElu6kIdRih035KSFI9fmLafkm7bZxI3NLqeVIBjR93qgUg1OJo7b6hw1EoeuHorLb-ruj5HNLxKxrgAaazsIXwBjX3ahNQnyScSxHwx0ECQXsWsprlMZ659t8Ty_31hwxRw2t44krf9dnoDx8SkIrTSs.OtMRZUv_LFRtS3yz9UD0My-9ZbEZ9vPnZ_nOtzn_DKQ&dib_tag=se&keywords=samsung+phone&qid=1772189691&sr=8-132
Getting Started with the Samsung Galaxy Samsung A55 and A35 5g: The Insanely Easy Guide to the Samsung Galaxy A55 and A35 and Android 14 One Ui 6.1,,,,,,,(3),https://www.amazon.com/Getting-Started-Samsung-Galaxy-A55/dp/B0CYP1GZTB/ref=sr_1_130_sspa?dib=eyJ2IjoiMSJ9.jz9vc0snu4rtjYnG_tCiCECLz2vV4_97tTwXhfj32nOo75PsAf_xaZGej__wmrQ94NLJT6Tr_cOiIkoR1WLElu6kIdRih035KSFI9fmLafkm7bZxI3NLqeVIBjR93qgUg1OJo7b6hw1EoeuHorLb-ruj5HNLxKxrgAaazsIXwBjX3ahNQnyScSxHwx0ECQXsWsprlMZ659t8Ty_31hwxRw2t44krf9dnoDx8SkIrTSs.OtMRZUv_LFRtS3yz9UD0My-9ZbEZ9vPnZ_nOtzn_DKQ&dib_tag=se&keywords=samsung+phone&qid=1772189691&sr=8-130-spons&sp_csd=d2lkZ2V0TmFtZT1zcF9hdGZfbmV4dA&psc=1
Samsung Galaxy Z Fold 7 Z Flip 7 and Flip 7 FE User Guide: The Ultimate Tips & Tricks Manual with Simple Instructions and Pictures for Beginners & Advanced User’s to Use and Operate the Smartphones,,,,,,,(4),https://www.amazon.com/Samsung-Galaxy-Fold-Flip-Guide/dp/B0FHG5865N/ref=sr_1_129_sspa?dib=eyJ2IjoiMSJ9.jz9vc0snu4rtjYnG_tCiCECLz2vV4_97tTwXhfj32nOo75PsAf_xaZGej__wmrQ94NLJT6Tr_cOiIkoR1WLElu6kIdRih035KSFI9fmLafkm7bZxI3NLqeVIBjR93qgUg1OJo7b6hw1EoeuHorLb-ruj5HNLxKxrgAaazsIXwBjX3ahNQnyScSxHwx0ECQXsWsprlMZ659t8Ty_31hwxRw2t44krf9dnoDx8SkIrTSs.OtMRZUv_LFRtS3yz9UD0My-9ZbEZ9vPnZ_nOtzn_DKQ&dib_tag=se&keywords=samsung+phone&qid=1772189691&sr=8-129-spons&sp_csd=d2lkZ2V0TmFtZT1zcF9hdGZfbmV4dA&psc=1
Samsung Galaxy A36 5G User Guide for Seniors and Beginners: Complete Illustrated Step -by -Step Instructions to Navigate Technology Without Frustration or Fear,,,,,,,(1),https://www.amazon.com/Samsung-Galaxy-Guide-Seniors-Beginners/dp/B0FMPC6VC3/ref=sr_1_133_sspa?dib=eyJ2IjoiMSJ9.SA3rVIJ40EZYCfd_xWJWKCqf6OPQ8ogiDRYpMyKq76gMRsr9jnAt-WnF4HyThkzsehQBDeWjTez94XIy3r0PseeQQH7Jk0HPuxQDLFRJHGfeOz7v9E6iwNBGGDZUyTX2mbUYhW3mL5LHMzth6mTlkX0rjKN0BXnPqaMwCcWkPDVQTo6PNJmUOZAptRCS8zfYIR-BU12Hxrdj-mh8mwMinmtIAqW2_yqcG9RI79YcoYY.w8S11loU92EyI1XMj2oHS8dWAwD4Owl3gKAotTeBMNM&dib_tag=se&keywords=samsung+phone&qid=1772189687&sr=8-133-spons&sp_csd=d2lkZ2V0TmFtZT1zcF9idGY&psc=1
Samsung Galaxy S25 Ultra 5G User Guide: The Ultimate Tips & Tricks Manual with Simple Instructions and Pictures for Beginners & Advanced User’s to Use and Operate the Smartphone,,,,,,,(25),https://www.amazon.com/Samsung-Galaxy-Ultra-User-Guide/dp/B0DTY2LRG9/ref=sr_1_132_sspa?dib=eyJ2IjoiMSJ9.SA3rVIJ40EZYCfd_xWJWKCqf6OPQ8ogiDRYpMyKq76gMRsr9jnAt-WnF4HyThkzsehQBDeWjTez94XIy3r0PseeQQH7Jk0HPuxQDLFRJHGfeOz7v9E6iwNBGGDZUyTX2mbUYhW3mL5LHMzth6mTlkX0rjKN0BXnPqaMwCcWkPDVQTo6PNJmUOZAptRCS8zfYIR-BU12Hxrdj-mh8mwMinmtIAqW2_yqcG9RI79YcoYY.w8S11loU92EyI1XMj2oHS8dWAwD4Owl3gKAotTeBMNM&dib_tag=se&keywords=samsung+phone&qid=1772189687&sr=8-132-spons&sp_csd=d2lkZ2V0TmFtZT1zcF9idGY&psc=1
OtterBox Samsung Galaxy S26 Ultra Symmetry Series Cactus Leather Case - Ink Blossom (Black) Slim Premium Protective Samsung Galaxy Phone Case,,OtterBox,,,,,,https://www.amazon.com/OtterBox-Samsung-Galaxy-Symmetry-Leather/dp/B0GD33ZFVP/ref=sr_1_131?dib=eyJ2IjoiMSJ9.SA3rVIJ40EZYCfd_xWJWKCqf6OPQ8ogiDRYpMyKq76gMRsr9jnAt-WnF4HyThkzsehQBDeWjTez94XIy3r0PseeQQH7Jk0HPuxQDLFRJHGfeOz7v9E6iwNBGGDZUyTX2mbUYhW3mL5LHMzth6mTlkX0rjKN0BXnPqaMwCcWkPDVQTo6PNJmUOZAptRCS8zfYIR-BU12Hxrdj-mh8mwMinmtIAqW2_yqcG9RI79YcoYY.w8S11loU92EyI1XMj2oHS8dWAwD4Owl3gKAotTeBMNM&dib_tag=se&keywords=samsung%2Bphone&qid=1772189687&sr=8-131&th=1
Samsung Galaxy Buds FE Graphite Truly Wireless Bluetooth Earbuds Active Noise Cancellation(ANC) Easy Pairing Auto Switching IPX2 Rating(CAD Version and Warranty),,Samsung,,,,,(949),https://www.amazon.com/SAMSUNG-Graphite-Bluetooth-Cancellation-Switching/dp/B0CFYRB82V/ref=sr_1_130?dib=eyJ2IjoiMSJ9.SA3rVIJ40EZYCfd_xWJWKCqf6OPQ8ogiDRYpMyKq76gMRsr9jnAt-WnF4HyThkzsehQBDeWjTez94XIy3r0PseeQQH7Jk0HPuxQDLFRJHGfeOz7v9E6iwNBGGDZUyTX2mbUYhW3mL5LHMzth6mTlkX0rjKN0BXnPqaMwCcWkPDVQTo6PNJmUOZAptRCS8zfYIR-BU12Hxrdj-mh8mwMinmtIAqW2_yqcG9RI79YcoYY.w8S11loU92EyI1XMj2oHS8dWAwD4Owl3gKAotTeBMNM&dib_tag=se&keywords=samsung%2Bphone&qid=1772189687&sr=8-130&th=1
Samsung Galaxy Buds FE White Truly Wireless Bluetooth Earbuds Active Noise Cancellation (ANC) Easy Pairing Auto Switching IPX2 Rating (CAD Version & Warranty),,Samsung,,,,,(227),https://www.amazon.com/SAMSUNG-Wireless-Bluetooth-Cancellation-Switching/dp/B0CFYSLLZ3/ref=sr_1_129?dib=eyJ2IjoiMSJ9.SA3rVIJ40EZYCfd_xWJWKCqf6OPQ8ogiDRYpMyKq76gMRsr9jnAt-WnF4HyThkzsehQBDeWjTez94XIy3r0PseeQQH7Jk0HPuxQDLFRJHGfeOz7v9E6iwNBGGDZUyTX2mbUYhW3mL5LHMzth6mTlkX0rjKN0BXnPqaMwCcWkPDVQTo6PNJmUOZAptRCS8zfYIR-BU12Hxrdj-mh8mwMinmtIAqW2_yqcG9RI79YcoYY.w8S11loU92EyI1XMj2oHS8dWAwD4Owl3gKAotTeBMNM&dib_tag=se&keywords=samsung%2Bphone&qid=1772189687&sr=8-129&th=1
Samsung Galaxy Buds3 (2024 ANC) Water Resistant AI Real-Time Language Interpreter True Wireless Bluetooth 5.4 Earbuds Hi-Fi Sound Noise Cancelling Touch Control International Model (White),,Samsung,,,,,(127),https://www.amazon.com/SAMSUNG-Resistant-Interpreter-Cancelling-International/dp/B0D6SZGGY7/ref=sr_1_128?dib=eyJ2IjoiMSJ9.SA3rVIJ40EZYCfd_xWJWKCqf6OPQ8ogiDRYpMyKq76gMRsr9jnAt-WnF4HyThkzsehQBDeWjTez94XIy3r0PseeQQH7Jk0HPuxQDLFRJHGfeOz7v9E6iwNBGGDZUyTX2mbUYhW3mL5LHMzth6mTlkX0rjKN0BXnPqaMwCcWkPDVQTo6PNJmUOZAptRCS8zfYIR-BU12Hxrdj-mh8mwMinmtIAqW2_yqcG9RI79YcoYY.w8S11loU92EyI1XMj2oHS8dWAwD4Owl3gKAotTeBMNM&dib_tag=se&keywords=samsung+phone&qid=1772189687&sr=8-128
for Samsung S26+ S26 6FT Fast USB Type C Cable Phone Charger Charging Cord for Samsung Galaxy S26 S25 Edge Plus Ultra S24 FE S23 S22 S21 Ultra S21+ S20 FE 5G S10 S10e S9 S8 Plus Note 20 9 8 A42 A71,,FiveBox,,,,,(1674),https://www.amazon.com/Charger-Charging-Compatible-Samsung-Galaxy/dp/B09LMCHXK3/ref=sr_1_127?dib=eyJ2IjoiMSJ9.SA3rVIJ40EZYCfd_xWJWKCqf6OPQ8ogiDRYpMyKq76gMRsr9jnAt-WnF4HyThkzsehQBDeWjTez94XIy3r0PseeQQH7Jk0HPuxQDLFRJHGfeOz7v9E6iwNBGGDZUyTX2mbUYhW3mL5LHMzth6mTlkX0rjKN0BXnPqaMwCcWkPDVQTo6PNJmUOZAptRCS8zfYIR-BU12Hxrdj-mh8mwMinmtIAqW2_yqcG9RI79YcoYY.w8S11loU92EyI1XMj2oHS8dWAwD4Owl3gKAotTeBMNM&dib_tag=se&keywords=samsung%2Bphone&qid=1772189687&sr=8-127&th=1
SAMSUNG Galaxy Buds Fan Edition(FE) SM-R400 Active Noise-Cancelling Wireless Bluetooth v5.2 Earbuds Android 8.0 and Up - (White),,Samsung,,,,,(1104),https://www.amazon.com/SAMSUNG-SM-R400-Noise-Cancelling-Wireless-Bluetooth/dp/B0CL8CYKJ5/ref=sr_1_126?dib=eyJ2IjoiMSJ9.SA3rVIJ40EZYCfd_xWJWKCqf6OPQ8ogiDRYpMyKq76gMRsr9jnAt-WnF4HyThkzsehQBDeWjTez94XIy3r0PseeQQH7Jk0HPuxQDLFRJHGfeOz7v9E6iwNBGGDZUyTX2mbUYhW3mL5LHMzth6mTlkX0rjKN0BXnPqaMwCcWkPDVQTo6PNJmUOZAptRCS8zfYIR-BU12Hxrdj-mh8mwMinmtIAqW2_yqcG9RI79YcoYY.w8S11loU92EyI1XMj2oHS8dWAwD4Owl3gKAotTeBMNM&dib_tag=se&keywords=samsung+phone&qid=1772189687&sr=8-126
Samsung 25W Wall Charger Power Adapter with Cable Super Fast Charging Compact Design Energy Efficient Compatible with Galaxy and USB Type C Devices Black,,Samsung,,,,,(1802),https://www.amazon.com/SAMSUNG-Charger-Adapter-Charging-Compatible/dp/B0CB9357F7/ref=sr_1_125?dib=eyJ2IjoiMSJ9.SA3rVIJ40EZYCfd_xWJWKCqf6OPQ8ogiDRYpMyKq76gMRsr9jnAt-WnF4HyThkzsehQBDeWjTez94XIy3r0PseeQQH7Jk0HPuxQDLFRJHGfeOz7v9E6iwNBGGDZUyTX2mbUYhW3mL5LHMzth6mTlkX0rjKN0BXnPqaMwCcWkPDVQTo6PNJmUOZAptRCS8zfYIR-BU12Hxrdj-mh8mwMinmtIAqW2_yqcG9RI79YcoYY.w8S11loU92EyI1XMj2oHS8dWAwD4Owl3gKAotTeBMNM&dib_tag=se&keywords=samsung%2Bphone&qid=1772189687&sr=8-125&th=1
SAMSUNG Galaxy Buds 3 Pro AI True Wireless Bluetooth Earbuds + $30 Amazon Gift Card Noise Cancelling Sound Optimization Redesigned Comfort Fit White [US Version Amazon Exclusive 2Yr Warranty],,Samsung,,,,,(1),https://www.amazon.com/SAMSUNG-Buds-Pro-Cancelling-Optimization/dp/B0DGBC5QXF/ref=sr_1_124?dib=eyJ2IjoiMSJ9.SA3rVIJ40EZYCfd_xWJWKCqf6OPQ8ogiDRYpMyKq76gMRsr9jnAt-WnF4HyThkzsehQBDeWjTez94XIy3r0PseeQQH7Jk0HPuxQDLFRJHGfeOz7v9E6iwNBGGDZUyTX2mbUYhW3mL5LHMzth6mTlkX0rjKN0BXnPqaMwCcWkPDVQTo6PNJmUOZAptRCS8zfYIR-BU12Hxrdj-mh8mwMinmtIAqW2_yqcG9RI79YcoYY.w8S11loU92EyI1XMj2oHS8dWAwD4Owl3gKAotTeBMNM&dib_tag=se&keywords=samsung+phone&qid=1772189687&sr=8-124
Getting Started with the Samsung Galaxy Samsung A55 and A35 5g: The Insanely Easy Guide to the Samsung Galaxy A55 and A35 and Android 14 One Ui 6.1,,,,,,,(3),https://www.amazon.com/Getting-Started-Samsung-Galaxy-A55-ebook/dp/B0CYHJMMFJ/ref=sr_1_123_sspa?dib=eyJ2IjoiMSJ9.SA3rVIJ40EZYCfd_xWJWKCqf6OPQ8ogiDRYpMyKq76gMRsr9jnAt-WnF4HyThkzsehQBDeWjTez94XIy3r0PseeQQH7Jk0HPuxQDLFRJHGfeOz7v9E6iwNBGGDZUyTX2mbUYhW3mL5LHMzth6mTlkX0rjKN0BXnPqaMwCcWkPDVQTo6PNJmUOZAptRCS8zfYIR-BU12Hxrdj-mh8mwMinmtIAqW2_yqcG9RI79YcoYY.w8S11loU92EyI1XMj2oHS8dWAwD4Owl3gKAotTeBMNM&dib_tag=se&keywords=samsung+phone&qid=1772189687&sr=8-123-spons&sp_csd=d2lkZ2V0TmFtZT1zcF9tdGY&psc=1
Samsung Care+ Device Protection Monthly | Watch Tier 1 MRC [Subscription],,,,,,,(1),https://www.amazon.com/Samsung-Device-Protection-Monthly-Subscription/dp/B0F3FTYHVR/ref=sr_1_122?dib=eyJ2IjoiMSJ9.SA3rVIJ40EZYCfd_xWJWKCqf6OPQ8ogiDRYpMyKq76gMRsr9jnAt-WnF4HyThkzsehQBDeWjTez94XIy3r0PseeQQH7Jk0HPuxQDLFRJHGfeOz7v9E6iwNBGGDZUyTX2mbUYhW3mL5LHMzth6mTlkX0rjKN0BXnPqaMwCcWkPDVQTo6PNJmUOZAptRCS8zfYIR-BU12Hxrdj-mh8mwMinmtIAqW2_yqcG9RI79YcoYY.w8S11loU92EyI1XMj2oHS8dWAwD4Owl3gKAotTeBMNM&dib_tag=se&keywords=samsung+phone&qid=1772189687&sr=8-122
Mini Galaxy S24 SmartPhone - World's most Small S24 Ultra 4G LTE Mobile Smart Andoriod Mini Phone Great Children Teenagers Gift Pocket Phone Micro 3 Touch Screen 2GB/16GB Tiny Galaxy S24 Look Alike,,iLight,Android,2 GB,,,(19),https://www.amazon.com/Mini-Galaxy-S24-SmartPhone-Teenagers/dp/B0F1KYFFW6/ref=sr_1_121?dib=eyJ2IjoiMSJ9.SA3rVIJ40EZYCfd_xWJWKCqf6OPQ8ogiDRYpMyKq76gMRsr9jnAt-WnF4HyThkzsehQBDeWjTez94XIy3r0PseeQQH7Jk0HPuxQDLFRJHGfeOz7v9E6iwNBGGDZUyTX2mbUYhW3mL5LHMzth6mTlkX0rjKN0BXnPqaMwCcWkPDVQTo6PNJmUOZAptRCS8zfYIR-BU12Hxrdj-mh8mwMinmtIAqW2_yqcG9RI79YcoYY.w8S11loU92EyI1XMj2oHS8dWAwD4Owl3gKAotTeBMNM&dib_tag=se&keywords=samsung+phone&qid=1772189687&sr=8-121
Samsung Care+ Device Protection Monthly | Tablet Tier 1 MRC [Subscription],,,,,,,(1),https://www.amazon.com/Samsung-Device-Protection-Monthly-Subscription/dp/B0F3G1FPG8/ref=sr_1_120?dib=eyJ2IjoiMSJ9.SA3rVIJ40EZYCfd_xWJWKCqf6OPQ8ogiDRYpMyKq76gMRsr9jnAt-WnF4HyThkzsehQBDeWjTez94XIy3r0PseeQQH7Jk0HPuxQDLFRJHGfeOz7v9E6iwNBGGDZUyTX2mbUYhW3mL5LHMzth6mTlkX0rjKN0BXnPqaMwCcWkPDVQTo6PNJmUOZAptRCS8zfYIR-BU12Hxrdj-mh8mwMinmtIAqW2_yqcG9RI79YcoYY.w8S11loU92EyI1XMj2oHS8dWAwD4Owl3gKAotTeBMNM&dib_tag=se&keywords=samsung+phone&qid=1772189687&sr=8-120
CHGeek Wireless Car Charger 15W Fast Charging Auto Clamping Phone Holders for Your Car Phone Mount for Car fit for iPhone 17 16 15 14 13 12 Pro Max 11 XR XS Samsung Galaxy S25 Ultra S24 S23 Black,,CHGeek,,,,,(23568),https://www.amazon.com/Wireless-CHGeek-Charging-Windshield-Dashboard/dp/B08D5XJTJS/ref=sr_1_119?dib=eyJ2IjoiMSJ9.SA3rVIJ40EZYCfd_xWJWKCqf6OPQ8ogiDRYpMyKq76gMRsr9jnAt-WnF4HyThkzsehQBDeWjTez94XIy3r0PseeQQH7Jk0HPuxQDLFRJHGfeOz7v9E6iwNBGGDZUyTX2mbUYhW3mL5LHMzth6mTlkX0rjKN0BXnPqaMwCcWkPDVQTo6PNJmUOZAptRCS8zfYIR-BU12Hxrdj-mh8mwMinmtIAqW2_yqcG9RI79YcoYY.w8S11loU92EyI1XMj2oHS8dWAwD4Owl3gKAotTeBMNM&dib_tag=se&keywords=samsung%2Bphone&qid=1772189687&sr=8-119&th=1
Samsung Care+ Device Protection Monthly | Phone Tier 4 MRC [Subscription],,,,,,,(3),https://www.amazon.com/Samsung-Device-Protection-Monthly-Subscription/dp/B0F3FXKH6Q/ref=sr_1_118?dib=eyJ2IjoiMSJ9.SA3rVIJ40EZYCfd_xWJWKCqf6OPQ8ogiDRYpMyKq76gMRsr9jnAt-WnF4HyThkzsehQBDeWjTez94XIy3r0PseeQQH7Jk0HPuxQDLFRJHGfeOz7v9E6iwNBGGDZUyTX2mbUYhW3mL5LHMzth6mTlkX0rjKN0BXnPqaMwCcWkPDVQTo6PNJmUOZAptRCS8zfYIR-BU12Hxrdj-mh8mwMinmtIAqW2_yqcG9RI79YcoYY.w8S11loU92EyI1XMj2oHS8dWAwD4Owl3gKAotTeBMNM&dib_tag=se&keywords=samsung+phone&qid=1772189687&sr=8-118
SAMSUNG Galaxy FIT 3 [2024] 1.6 AMOLED Display | 14 Days Battery Life | 100+ Watchfaces | 100+ Exercise Modes | International Model - (Black),,,Android,,,,(2833),https://www.amazon.com/SAMSUNG-Display-Watchfaces-Exercise-International/dp/B0CW3VWC3X/ref=sr_1_117?dib=eyJ2IjoiMSJ9.SA3rVIJ40EZYCfd_xWJWKCqf6OPQ8ogiDRYpMyKq76gMRsr9jnAt-WnF4HyThkzsehQBDeWjTez94XIy3r0PseeQQH7Jk0HPuxQDLFRJHGfeOz7v9E6iwNBGGDZUyTX2mbUYhW3mL5LHMzth6mTlkX0rjKN0BXnPqaMwCcWkPDVQTo6PNJmUOZAptRCS8zfYIR-BU12Hxrdj-mh8mwMinmtIAqW2_yqcG9RI79YcoYY.w8S11loU92EyI1XMj2oHS8dWAwD4Owl3gKAotTeBMNM&dib_tag=se&keywords=samsung+phone&qid=1772189687&sr=8-117
Samsung Care+ Device Protection Monthly | Phone Tier 3 MRC [Subscription],,,,,,,(2),https://www.amazon.com/Samsung-Device-Protection-Monthly-Subscription/dp/B0F3G65XMQ/ref=sr_1_116?dib=eyJ2IjoiMSJ9.SA3rVIJ40EZYCfd_xWJWKCqf6OPQ8ogiDRYpMyKq76gMRsr9jnAt-WnF4HyThkzsehQBDeWjTez94XIy3r0PseeQQH7Jk0HPuxQDLFRJHGfeOz7v9E6iwNBGGDZUyTX2mbUYhW3mL5LHMzth6mTlkX0rjKN0BXnPqaMwCcWkPDVQTo6PNJmUOZAptRCS8zfYIR-BU12Hxrdj-mh8mwMinmtIAqW2_yqcG9RI79YcoYY.w8S11loU92EyI1XMj2oHS8dWAwD4Owl3gKAotTeBMNM&dib_tag=se&keywords=samsung+phone&qid=1772189687&sr=8-116
OtterBox Samsung Galaxy S24 Commuter Series Case - GET Your Greens Slim & Tough Pocket-Friendly with Port Protection,,OtterBox,,,,,(10137),https://www.amazon.com/OtterBox-Samsung-Galaxy-Commuter-Case/dp/B0CQKP4524/ref=sr_1_115?dib=eyJ2IjoiMSJ9.SA3rVIJ40EZYCfd_xWJWKCqf6OPQ8ogiDRYpMyKq76gMRsr9jnAt-WnF4HyThkzsehQBDeWjTez94XIy3r0PseeQQH7Jk0HPuxQDLFRJHGfeOz7v9E6iwNBGGDZUyTX2mbUYhW3mL5LHMzth6mTlkX0rjKN0BXnPqaMwCcWkPDVQTo6PNJmUOZAptRCS8zfYIR-BU12Hxrdj-mh8mwMinmtIAqW2_yqcG9RI79YcoYY.w8S11loU92EyI1XMj2oHS8dWAwD4Owl3gKAotTeBMNM&dib_tag=se&keywords=samsung%2Bphone&qid=1772189687&sr=8-115&th=1
Getting Started with the Samsung Galaxy Samsung A55 and A35 5g: The Insanely Easy Guide to the Samsung Galaxy A55 and A35 and Android 14 One Ui 6.1,,,,,,,(3),https://www.amazon.com/Getting-Started-Samsung-Galaxy-A55/dp/B0CYP1GZTB/ref=sr_1_114_sspa?dib=eyJ2IjoiMSJ9.SA3rVIJ40EZYCfd_xWJWKCqf6OPQ8ogiDRYpMyKq76gMRsr9jnAt-WnF4HyThkzsehQBDeWjTez94XIy3r0PseeQQH7Jk0HPuxQDLFRJHGfeOz7v9E6iwNBGGDZUyTX2mbUYhW3mL5LHMzth6mTlkX0rjKN0BXnPqaMwCcWkPDVQTo6PNJmUOZAptRCS8zfYIR-BU12Hxrdj-mh8mwMinmtIAqW2_yqcG9RI79YcoYY.w8S11loU92EyI1XMj2oHS8dWAwD4Owl3gKAotTeBMNM&dib_tag=se&keywords=samsung+phone&qid=1772189687&sr=8-114-spons&sp_csd=d2lkZ2V0TmFtZT1zcF9hdGZfbmV4dA&psc=1
Samsung Galaxy Z Fold 7 Z Flip 7 and Flip 7 FE User Guide: The Ultimate Tips & Tricks Manual with Simple Instructions and Pictures for Beginners & Advanced User’s to Use and Operate the Smartphones,,,,,,,(4),https://www.amazon.com/Samsung-Galaxy-Fold-Flip-Guide/dp/B0FHG5865N/ref=sr_1_113_sspa?dib=eyJ2IjoiMSJ9.SA3rVIJ40EZYCfd_xWJWKCqf6OPQ8ogiDRYpMyKq76gMRsr9jnAt-WnF4HyThkzsehQBDeWjTez94XIy3r0PseeQQH7Jk0HPuxQDLFRJHGfeOz7v9E6iwNBGGDZUyTX2mbUYhW3mL5LHMzth6mTlkX0rjKN0BXnPqaMwCcWkPDVQTo6PNJmUOZAptRCS8zfYIR-BU12Hxrdj-mh8mwMinmtIAqW2_yqcG9RI79YcoYY.w8S11loU92EyI1XMj2oHS8dWAwD4Owl3gKAotTeBMNM&dib_tag=se&keywords=samsung+phone&qid=1772189687&sr=8-113-spons&sp_csd=d2lkZ2V0TmFtZT1zcF9hdGZfbmV4dA&psc=1
Samsung Galaxy S25 Ultra 5G User Guide: The Ultimate Tips & Tricks Manual with Simple Instructions and Pictures for Beginners & Advanced User’s to Use and Operate the Smartphone,,,,,,,(25),https://www.amazon.com/Samsung-Galaxy-Ultra-User-Guide/dp/B0DTY2LRG9/ref=sr_1_116_sspa?dib=eyJ2IjoiMSJ9.Ad5oAWd6NedbKetN33hM-0bQRiRhHMtLJ8XU2587Zu3ZlwldOtEZRHe49ET-eP4SuC4NsK87saoEWSFOsuNzcKR8WpMKMAIvt_fJS2zV26eDQ_EgPNCuqJz_Xd9ra3409vruTDB92bxM_nTKRoAsqVH1ec7JV-T4q5WI0GjR_G0-5iErI_VWqT-TsHB4IUFAPBpfBEA14HKuYL1qTLkSN9qHA5tXbmc5WIfSzp1mTrI.nzSuNiX-Gm4vNLThDHcKXybolJMYEBPXqGK2uSo6eA8&dib_tag=se&keywords=samsung+phone&qid=1772189683&sr=8-116-spons&sp_csd=d2lkZ2V0TmFtZT1zcF9idGY&psc=1
Samsung 15W Wireless Charger Single Cordless Super Fast Charging Pad for Galaxy Phones and Devices Compact Design LED Indicator USB C Cable Included 2022 US Version Grey,,Samsung,,,,,(3124),https://www.amazon.com/Samsung-Wireless-Universally-Compatible-Included/dp/B09MV4SRP1/ref=sr_1_115?dib=eyJ2IjoiMSJ9.Ad5oAWd6NedbKetN33hM-0bQRiRhHMtLJ8XU2587Zu3ZlwldOtEZRHe49ET-eP4SuC4NsK87saoEWSFOsuNzcKR8WpMKMAIvt_fJS2zV26eDQ_EgPNCuqJz_Xd9ra3409vruTDB92bxM_nTKRoAsqVH1ec7JV-T4q5WI0GjR_G0-5iErI_VWqT-TsHB4IUFAPBpfBEA14HKuYL1qTLkSN9qHA5tXbmc5WIfSzp1mTrI.nzSuNiX-Gm4vNLThDHcKXybolJMYEBPXqGK2uSo6eA8&dib_tag=se&keywords=samsung%2Bphone&qid=1772189683&sr=8-115&th=1
Samsung Galaxy Buds Core SM-R410 (2025) | Latin American Stock | Bluetooth 5.4 | Active Noise Cancelation | up to 35h Continuous Music Playblack - (Black),,Samsung,,,,,(370),https://www.amazon.com/Samsung-Bluetooth-Cancelation-Continuous-Playblack/dp/B0FNRXZV67/ref=sr_1_114?dib=eyJ2IjoiMSJ9.Ad5oAWd6NedbKetN33hM-0bQRiRhHMtLJ8XU2587Zu3ZlwldOtEZRHe49ET-eP4SuC4NsK87saoEWSFOsuNzcKR8WpMKMAIvt_fJS2zV26eDQ_EgPNCuqJz_Xd9ra3409vruTDB92bxM_nTKRoAsqVH1ec7JV-T4q5WI0GjR_G0-5iErI_VWqT-TsHB4IUFAPBpfBEA14HKuYL1qTLkSN9qHA5tXbmc5WIfSzp1mTrI.nzSuNiX-Gm4vNLThDHcKXybolJMYEBPXqGK2uSo6eA8&dib_tag=se&keywords=samsung%2Bphone&qid=1772189683&sr=8-114&th=1
Wireless Charger Samsung Fast Charging Pad for Samsung Galaxy S25 Ultra/S24 FE/S23 Ultra/S22/S21/Z Flip 6 515W Wireless Charging Station Charger Mat and QC Adapter for Google Pixel 9 8a 7a 8 7 Pro,,UorMe,,,,,(3464),https://www.amazon.com/Wireless-Charger-Samsung-Charging-Station/dp/B0CC55TZSD/ref=sr_1_113?dib=eyJ2IjoiMSJ9.Ad5oAWd6NedbKetN33hM-0bQRiRhHMtLJ8XU2587Zu3ZlwldOtEZRHe49ET-eP4SuC4NsK87saoEWSFOsuNzcKR8WpMKMAIvt_fJS2zV26eDQ_EgPNCuqJz_Xd9ra3409vruTDB92bxM_nTKRoAsqVH1ec7JV-T4q5WI0GjR_G0-5iErI_VWqT-TsHB4IUFAPBpfBEA14HKuYL1qTLkSN9qHA5tXbmc5WIfSzp1mTrI.nzSuNiX-Gm4vNLThDHcKXybolJMYEBPXqGK2uSo6eA8&dib_tag=se&keywords=samsung%2Bphone&qid=1772189683&sr=8-113&th=1
Cricket Samsung Galaxy A02s 32GB Black - 4G LTE 6.5 Android Prepaid Smartphone - Carrier Locked to Cricket,,Alcatel,android,2 GB,A-Series,1.8 GHz,(99),https://www.amazon.com/Cricket-Samsung-Galaxy-A02s-Black/dp/B09PWL7PYM/ref=sr_1_112?dib=eyJ2IjoiMSJ9.Ad5oAWd6NedbKetN33hM-0bQRiRhHMtLJ8XU2587Zu3ZlwldOtEZRHe49ET-eP4SuC4NsK87saoEWSFOsuNzcKR8WpMKMAIvt_fJS2zV26eDQ_EgPNCuqJz_Xd9ra3409vruTDB92bxM_nTKRoAsqVH1ec7JV-T4q5WI0GjR_G0-5iErI_VWqT-TsHB4IUFAPBpfBEA14HKuYL1qTLkSN9qHA5tXbmc5WIfSzp1mTrI.nzSuNiX-Gm4vNLThDHcKXybolJMYEBPXqGK2uSo6eA8&dib_tag=se&keywords=samsung+phone&qid=1772189683&sr=8-112
Samsung Galaxy Note 10 Plus (SM-N9750/DS) - Aura White (Renewed),,Samsung,android,,,,,https://www.amazon.com/Samsung-Galaxy-Note-Plus-SM-N9750/dp/B08GP3BVVW/ref=sr_1_111?dib=eyJ2IjoiMSJ9.Ad5oAWd6NedbKetN33hM-0bQRiRhHMtLJ8XU2587Zu3ZlwldOtEZRHe49ET-eP4SuC4NsK87saoEWSFOsuNzcKR8WpMKMAIvt_fJS2zV26eDQ_EgPNCuqJz_Xd9ra3409vruTDB92bxM_nTKRoAsqVH1ec7JV-T4q5WI0GjR_G0-5iErI_VWqT-TsHB4IUFAPBpfBEA14HKuYL1qTLkSN9qHA5tXbmc5WIfSzp1mTrI.nzSuNiX-Gm4vNLThDHcKXybolJMYEBPXqGK2uSo6eA8&dib_tag=se&keywords=samsung+phone&qid=1772189683&sr=8-111
SAMSUNG Galaxy Z Flip 4 Factory Unlocked 256GB Bespoke Edition Black/White/White (Renewed),,Samsung,Android,,,,(18),https://www.amazon.com/SAMSUNG-Factory-Unlocked-Bespoke-Renewed/dp/B0BTMZ98BS/ref=sr_1_110?dib=eyJ2IjoiMSJ9.Ad5oAWd6NedbKetN33hM-0bQRiRhHMtLJ8XU2587Zu3ZlwldOtEZRHe49ET-eP4SuC4NsK87saoEWSFOsuNzcKR8WpMKMAIvt_fJS2zV26eDQ_EgPNCuqJz_Xd9ra3409vruTDB92bxM_nTKRoAsqVH1ec7JV-T4q5WI0GjR_G0-5iErI_VWqT-TsHB4IUFAPBpfBEA14HKuYL1qTLkSN9qHA5tXbmc5WIfSzp1mTrI.nzSuNiX-Gm4vNLThDHcKXybolJMYEBPXqGK2uSo6eA8&dib_tag=se&keywords=samsung+phone&qid=1772189683&sr=8-110
Samsung Galaxy S5 SM-G900A 16GB 4G LTE GSM Unlocked Android Smartphone (Gold),,Samsung,google_android,16 GB,1.2GHz Cortex A8 Processor,2.5 GHz,(90),https://www.amazon.com/Samsung-SM-G900A-Unlocked-Android-Smartphone/dp/B0182XCRSE/ref=sr_1_109?dib=eyJ2IjoiMSJ9.Ad5oAWd6NedbKetN33hM-0bQRiRhHMtLJ8XU2587Zu3ZlwldOtEZRHe49ET-eP4SuC4NsK87saoEWSFOsuNzcKR8WpMKMAIvt_fJS2zV26eDQ_EgPNCuqJz_Xd9ra3409vruTDB92bxM_nTKRoAsqVH1ec7JV-T4q5WI0GjR_G0-5iErI_VWqT-TsHB4IUFAPBpfBEA14HKuYL1qTLkSN9qHA5tXbmc5WIfSzp1mTrI.nzSuNiX-Gm4vNLThDHcKXybolJMYEBPXqGK2uSo6eA8&dib_tag=se&keywords=samsung+phone&qid=1772189683&sr=8-109
Samsung Galaxy Z Flip 6 256GB Blue - Verizon (Renewed),,Samsung,,,,,(20),https://www.amazon.com/SAMSUNG-Galaxy-Flip-256GB-Blue/dp/B0DQQGJRJG/ref=sr_1_108?dib=eyJ2IjoiMSJ9.Ad5oAWd6NedbKetN33hM-0bQRiRhHMtLJ8XU2587Zu3ZlwldOtEZRHe49ET-eP4SuC4NsK87saoEWSFOsuNzcKR8WpMKMAIvt_fJS2zV26eDQ_EgPNCuqJz_Xd9ra3409vruTDB92bxM_nTKRoAsqVH1ec7JV-T4q5WI0GjR_G0-5iErI_VWqT-TsHB4IUFAPBpfBEA14HKuYL1qTLkSN9qHA5tXbmc5WIfSzp1mTrI.nzSuNiX-Gm4vNLThDHcKXybolJMYEBPXqGK2uSo6eA8&dib_tag=se&keywords=samsung%2Bphone&qid=1772189683&sr=8-108&th=1
Getting Started with the Samsung Galaxy Samsung A55 and A35 5g: The Insanely Easy Guide to the Samsung Galaxy A55 and A35 and Android 14 One Ui 6.1,,,,,,,(3),https://www.amazon.com/Getting-Started-Samsung-Galaxy-A55-ebook/dp/B0CYHJMMFJ/ref=sr_1_107_sspa?dib=eyJ2IjoiMSJ9.Ad5oAWd6NedbKetN33hM-0bQRiRhHMtLJ8XU2587Zu3ZlwldOtEZRHe49ET-eP4SuC4NsK87saoEWSFOsuNzcKR8WpMKMAIvt_fJS2zV26eDQ_EgPNCuqJz_Xd9ra3409vruTDB92bxM_nTKRoAsqVH1ec7JV-T4q5WI0GjR_G0-5iErI_VWqT-TsHB4IUFAPBpfBEA14HKuYL1qTLkSN9qHA5tXbmc5WIfSzp1mTrI.nzSuNiX-Gm4vNLThDHcKXybolJMYEBPXqGK2uSo6eA8&dib_tag=se&keywords=samsung+phone&qid=1772189683&sr=8-107-spons&sp_csd=d2lkZ2V0TmFtZT1zcF9tdGY&psc=1
SAMSUNG Galaxy Z Fold4 512gb Phantom Black Verizon (Renewed),,Samsung,Android,12 GB,Core i5-10600KF,3 GHz,(3),https://www.amazon.com/SAMSUNG-Galaxy-Phantom-Verizon-Renewed/dp/B0BJH8SKY5/ref=sr_1_106?dib=eyJ2IjoiMSJ9.Ad5oAWd6NedbKetN33hM-0bQRiRhHMtLJ8XU2587Zu3ZlwldOtEZRHe49ET-eP4SuC4NsK87saoEWSFOsuNzcKR8WpMKMAIvt_fJS2zV26eDQ_EgPNCuqJz_Xd9ra3409vruTDB92bxM_nTKRoAsqVH1ec7JV-T4q5WI0GjR_G0-5iErI_VWqT-TsHB4IUFAPBpfBEA14HKuYL1qTLkSN9qHA5tXbmc5WIfSzp1mTrI.nzSuNiX-Gm4vNLThDHcKXybolJMYEBPXqGK2uSo6eA8&dib_tag=se&keywords=samsung+phone&qid=1772189683&sr=8-106
Samsung Galaxy A03s 32GB Black - Tracfone Prepaid Locked (Renewed),,Samsung,Android 11.0,3 GB,1.2GHz Cortex A9 Processor,2.35 GHz,(11),https://www.amazon.com/Tracfone-Samsung-Galaxy-A03s-Black/dp/B0BLKTM9C5/ref=sr_1_105?dib=eyJ2IjoiMSJ9.Ad5oAWd6NedbKetN33hM-0bQRiRhHMtLJ8XU2587Zu3ZlwldOtEZRHe49ET-eP4SuC4NsK87saoEWSFOsuNzcKR8WpMKMAIvt_fJS2zV26eDQ_EgPNCuqJz_Xd9ra3409vruTDB92bxM_nTKRoAsqVH1ec7JV-T4q5WI0GjR_G0-5iErI_VWqT-TsHB4IUFAPBpfBEA14HKuYL1qTLkSN9qHA5tXbmc5WIfSzp1mTrI.nzSuNiX-Gm4vNLThDHcKXybolJMYEBPXqGK2uSo6eA8&dib_tag=se&keywords=samsung%2Bphone&qid=1772189683&sr=8-105&th=1
Samsung Galaxy A35 5G (128GB 2024) 6.6 120Hz AMOLED Octa-Core 50MP Triple Camera (Only for AT&T Cricket Net 10-5G / 4G LTE) A356U (Awesome Navy) (Renewed),,Samsung,Android,6 GB,Exynos 1380 S5E8835,2.2 GHz,(2),https://www.amazon.com/Samsung-Octa-Core-Cricket-A356U-Awesome/dp/B0F5X8MP8R/ref=sr_1_104?dib=eyJ2IjoiMSJ9.Ad5oAWd6NedbKetN33hM-0bQRiRhHMtLJ8XU2587Zu3ZlwldOtEZRHe49ET-eP4SuC4NsK87saoEWSFOsuNzcKR8WpMKMAIvt_fJS2zV26eDQ_EgPNCuqJz_Xd9ra3409vruTDB92bxM_nTKRoAsqVH1ec7JV-T4q5WI0GjR_G0-5iErI_VWqT-TsHB4IUFAPBpfBEA14HKuYL1qTLkSN9qHA5tXbmc5WIfSzp1mTrI.nzSuNiX-Gm4vNLThDHcKXybolJMYEBPXqGK2uSo6eA8&dib_tag=se&keywords=samsung+phone&qid=1772189683&sr=8-104
Samsung Galaxy Note 20 Ultra 5G 128GB Mystic Black - Fully Unlocked (AT&T Verizon T-Mobile Global) w/Fast Wireless Charging Pad (Renewed),,Samsung,Android 13.0,8 GB,Snapdragon,,(49),https://www.amazon.com/Samsung-Galaxy-Ultra-128GB-Mystic/dp/B09ZLV5RL8/ref=sr_1_103?dib=eyJ2IjoiMSJ9.Ad5oAWd6NedbKetN33hM-0bQRiRhHMtLJ8XU2587Zu3ZlwldOtEZRHe49ET-eP4SuC4NsK87saoEWSFOsuNzcKR8WpMKMAIvt_fJS2zV26eDQ_EgPNCuqJz_Xd9ra3409vruTDB92bxM_nTKRoAsqVH1ec7JV-T4q5WI0GjR_G0-5iErI_VWqT-TsHB4IUFAPBpfBEA14HKuYL1qTLkSN9qHA5tXbmc5WIfSzp1mTrI.nzSuNiX-Gm4vNLThDHcKXybolJMYEBPXqGK2uSo6eA8&dib_tag=se&keywords=samsung+phone&qid=1772189683&sr=8-103
SAMSUNG Galaxy S7 32GB Unlocked (Verizon Wireless) - Gold,,Samsung,Android,4 GB,Snapdragon,1.6 GHz,(436),https://www.amazon.com/Samsung-Galaxy-Unlocked-Verizon-Wireless/dp/B01CJ3SCJ6/ref=sr_1_102?dib=eyJ2IjoiMSJ9.Ad5oAWd6NedbKetN33hM-0bQRiRhHMtLJ8XU2587Zu3ZlwldOtEZRHe49ET-eP4SuC4NsK87saoEWSFOsuNzcKR8WpMKMAIvt_fJS2zV26eDQ_EgPNCuqJz_Xd9ra3409vruTDB92bxM_nTKRoAsqVH1ec7JV-T4q5WI0GjR_G0-5iErI_VWqT-TsHB4IUFAPBpfBEA14HKuYL1qTLkSN9qHA5tXbmc5WIfSzp1mTrI.nzSuNiX-Gm4vNLThDHcKXybolJMYEBPXqGK2uSo6eA8&dib_tag=se&keywords=samsung%2Bphone&qid=1772189683&sr=8-102&th=1
Samsung Galaxy Note 8 N950U 64GB Unlocked GSM 4G LTE Android Smartphone w/Dual 12 MegaPixel Camera (Renewed) (Deep Sea Blue),,Samsung,android,6 GB,ARM 7100,2.35 GHz,(81),https://www.amazon.com/Samsung-Unlocked-Android-Smartphone-MegaPixel/dp/B07N2Y15VX/ref=sr_1_101?dib=eyJ2IjoiMSJ9.Ad5oAWd6NedbKetN33hM-0bQRiRhHMtLJ8XU2587Zu3ZlwldOtEZRHe49ET-eP4SuC4NsK87saoEWSFOsuNzcKR8WpMKMAIvt_fJS2zV26eDQ_EgPNCuqJz_Xd9ra3409vruTDB92bxM_nTKRoAsqVH1ec7JV-T4q5WI0GjR_G0-5iErI_VWqT-TsHB4IUFAPBpfBEA14HKuYL1qTLkSN9qHA5tXbmc5WIfSzp1mTrI.nzSuNiX-Gm4vNLThDHcKXybolJMYEBPXqGK2uSo6eA8&dib_tag=se&keywords=samsung+phone&qid=1772189683&sr=8-101
Samsung Galaxy Note 8 SM-N950U 64GB Smartphone for Verizon (Renewed),,Samsung,Android 8.0,6 GB,,,(25),https://www.amazon.com/Samsung-SM-N950U-Smartphone-Certified-Refurbished/dp/B07BS524XY/ref=sr_1_100?dib=eyJ2IjoiMSJ9.Ad5oAWd6NedbKetN33hM-0bQRiRhHMtLJ8XU2587Zu3ZlwldOtEZRHe49ET-eP4SuC4NsK87saoEWSFOsuNzcKR8WpMKMAIvt_fJS2zV26eDQ_EgPNCuqJz_Xd9ra3409vruTDB92bxM_nTKRoAsqVH1ec7JV-T4q5WI0GjR_G0-5iErI_VWqT-TsHB4IUFAPBpfBEA14HKuYL1qTLkSN9qHA5tXbmc5WIfSzp1mTrI.nzSuNiX-Gm4vNLThDHcKXybolJMYEBPXqGK2uSo6eA8&dib_tag=se&keywords=samsung+phone&qid=1772189683&sr=8-100
Samsung Galaxy S4 White Frost 16GB (AT&T),,Samsung,Android,,Snapdragon,1.9 GHz,(390),https://www.amazon.com/Samsung-Galaxy-S4-White-Frost/dp/B00E6FGSHY/ref=sr_1_99?dib=eyJ2IjoiMSJ9.Ad5oAWd6NedbKetN33hM-0bQRiRhHMtLJ8XU2587Zu3ZlwldOtEZRHe49ET-eP4SuC4NsK87saoEWSFOsuNzcKR8WpMKMAIvt_fJS2zV26eDQ_EgPNCuqJz_Xd9ra3409vruTDB92bxM_nTKRoAsqVH1ec7JV-T4q5WI0GjR_G0-5iErI_VWqT-TsHB4IUFAPBpfBEA14HKuYL1qTLkSN9qHA5tXbmc5WIfSzp1mTrI.nzSuNiX-Gm4vNLThDHcKXybolJMYEBPXqGK2uSo6eA8&dib_tag=se&keywords=samsung%2Bphone&qid=1772189683&sr=8-99&th=1
Getting Started with the Samsung Galaxy Samsung A55 and A35 5g: The Insanely Easy Guide to the Samsung Galaxy A55 and A35 and Android 14 One Ui 6.1,,,,,,,(3),https://www.amazon.com/Getting-Started-Samsung-Galaxy-A55/dp/B0CYP1GZTB/ref=sr_1_98_sspa?dib=eyJ2IjoiMSJ9.Ad5oAWd6NedbKetN33hM-0bQRiRhHMtLJ8XU2587Zu3ZlwldOtEZRHe49ET-eP4SuC4NsK87saoEWSFOsuNzcKR8WpMKMAIvt_fJS2zV26eDQ_EgPNCuqJz_Xd9ra3409vruTDB92bxM_nTKRoAsqVH1ec7JV-T4q5WI0GjR_G0-5iErI_VWqT-TsHB4IUFAPBpfBEA14HKuYL1qTLkSN9qHA5tXbmc5WIfSzp1mTrI.nzSuNiX-Gm4vNLThDHcKXybolJMYEBPXqGK2uSo6eA8&dib_tag=se&keywords=samsung+phone&qid=1772189683&sr=8-98-spons&sp_csd=d2lkZ2V0TmFtZT1zcF9hdGZfbmV4dA&psc=1
Samsung Galaxy Z Fold 7 Z Flip 7 and Flip 7 FE User Guide: The Ultimate Tips & Tricks Manual with Simple Instructions and Pictures for Beginners & Advanced User’s to Use and Operate the Smartphones,,,,,,,(4),https://www.amazon.com/Samsung-Galaxy-Fold-Flip-Guide/dp/B0FHG5865N/ref=sr_1_97_sspa?dib=eyJ2IjoiMSJ9.Ad5oAWd6NedbKetN33hM-0bQRiRhHMtLJ8XU2587Zu3ZlwldOtEZRHe49ET-eP4SuC4NsK87saoEWSFOsuNzcKR8WpMKMAIvt_fJS2zV26eDQ_EgPNCuqJz_Xd9ra3409vruTDB92bxM_nTKRoAsqVH1ec7JV-T4q5WI0GjR_G0-5iErI_VWqT-TsHB4IUFAPBpfBEA14HKuYL1qTLkSN9qHA5tXbmc5WIfSzp1mTrI.nzSuNiX-Gm4vNLThDHcKXybolJMYEBPXqGK2uSo6eA8&dib_tag=se&keywords=samsung+phone&qid=1772189683&sr=8-97-spons&sp_csd=d2lkZ2V0TmFtZT1zcF9hdGZfbmV4dA&psc=1
Samsung Galaxy A36 5G User Guide for Seniors and Beginners: Complete Illustrated Step -by -Step Instructions to Navigate Technology Without Frustration or Fear,,,,,,,(1),https://www.amazon.com/Samsung-Galaxy-Guide-Seniors-Beginners/dp/B0FMPC6VC3/ref=sr_1_100_sspa?dib=eyJ2IjoiMSJ9.oZKjEr1IzeNk0RtHdz4glpBZSleWlV4j0M8FpaOiakFjtLOK7XzbD5nJ4sg8B8psk-fF9yMW1pFwia-IAdihQcHJkcbzgPO6m2uopZadwc2R_qdWZfpOihNaXYxu8BSJi_i5ECbX8KWaPc0Mswnnjhby1pbcwR0QeXZp5bxS19wLFYRnFhxJn_ou2bvLxmZnTy_zqE-LSR1MKlWN01MrLsD09mnED5PEMu5QpgHNwMA.WiKAGqTffIf5livsVKAdNMZZck0mNe0GzCHEZPYawrU&dib_tag=se&keywords=samsung+phone&qid=1772189680&sr=8-100-spons&sp_csd=d2lkZ2V0TmFtZT1zcF9idGY&psc=1
Samsung Galaxy S25 Ultra 5G User Guide: The Ultimate Tips & Tricks Manual with Simple Instructions and Pictures for Beginners & Advanced User’s to Use and Operate the Smartphone,,,,,,,(25),https://www.amazon.com/Samsung-Galaxy-Ultra-User-Guide/dp/B0DTY2LRG9/ref=sr_1_99_sspa?dib=eyJ2IjoiMSJ9.oZKjEr1IzeNk0RtHdz4glpBZSleWlV4j0M8FpaOiakFjtLOK7XzbD5nJ4sg8B8psk-fF9yMW1pFwia-IAdihQcHJkcbzgPO6m2uopZadwc2R_qdWZfpOihNaXYxu8BSJi_i5ECbX8KWaPc0Mswnnjhby1pbcwR0QeXZp5bxS19wLFYRnFhxJn_ou2bvLxmZnTy_zqE-LSR1MKlWN01MrLsD09mnED5PEMu5QpgHNwMA.WiKAGqTffIf5livsVKAdNMZZck0mNe0GzCHEZPYawrU&dib_tag=se&keywords=samsung+phone&qid=1772189680&sr=8-99-spons&sp_csd=d2lkZ2V0TmFtZT1zcF9idGY&psc=1
Samsung Care+ Device Protection Monthly | Phone Tier 3 MRC [Subscription],,,,,,,(2),https://www.amazon.com/Samsung-Device-Protection-Monthly-Subscription/dp/B0F3G65XMQ/ref=sr_1_98?dib=eyJ2IjoiMSJ9.oZKjEr1IzeNk0RtHdz4glpBZSleWlV4j0M8FpaOiakFjtLOK7XzbD5nJ4sg8B8psk-fF9yMW1pFwia-IAdihQcHJkcbzgPO6m2uopZadwc2R_qdWZfpOihNaXYxu8BSJi_i5ECbX8KWaPc0Mswnnjhby1pbcwR0QeXZp5bxS19wLFYRnFhxJn_ou2bvLxmZnTy_zqE-LSR1MKlWN01MrLsD09mnED5PEMu5QpgHNwMA.WiKAGqTffIf5livsVKAdNMZZck0mNe0GzCHEZPYawrU&dib_tag=se&keywords=samsung+phone&qid=1772189680&sr=8-98
SAMSUNG Galaxy FIT 3 [2024] 1.6 AMOLED Display | 14 Days Battery Life | 100+ Watchfaces | 100+ Exercise Modes | International Model - (Black),,,Android,,,,(2833),https://www.amazon.com/SAMSUNG-Display-Watchfaces-Exercise-International/dp/B0CW3VWC3X/ref=sr_1_97?dib=eyJ2IjoiMSJ9.oZKjEr1IzeNk0RtHdz4glpBZSleWlV4j0M8FpaOiakFjtLOK7XzbD5nJ4sg8B8psk-fF9yMW1pFwia-IAdihQcHJkcbzgPO6m2uopZadwc2R_qdWZfpOihNaXYxu8BSJi_i5ECbX8KWaPc0Mswnnjhby1pbcwR0QeXZp5bxS19wLFYRnFhxJn_ou2bvLxmZnTy_zqE-LSR1MKlWN01MrLsD09mnED5PEMu5QpgHNwMA.WiKAGqTffIf5livsVKAdNMZZck0mNe0GzCHEZPYawrU&dib_tag=se&keywords=samsung+phone&qid=1772189680&sr=8-97
Wireless Charger Samsung Fast Charging Pad for Samsung Galaxy S25 Ultra/S24 FE/S23 Ultra/S22/S21/Z Flip 6 515W Wireless Charging Station Charger Mat and QC Adapter for Google Pixel 9 8a 7a 8 7 Pro,,UorMe,,,,,(3464),https://www.amazon.com/Wireless-Charger-Samsung-Charging-Station/dp/B0CC55TZSD/ref=sr_1_96?dib=eyJ2IjoiMSJ9.oZKjEr1IzeNk0RtHdz4glpBZSleWlV4j0M8FpaOiakFjtLOK7XzbD5nJ4sg8B8psk-fF9yMW1pFwia-IAdihQcHJkcbzgPO6m2uopZadwc2R_qdWZfpOihNaXYxu8BSJi_i5ECbX8KWaPc0Mswnnjhby1pbcwR0QeXZp5bxS19wLFYRnFhxJn_ou2bvLxmZnTy_zqE-LSR1MKlWN01MrLsD09mnED5PEMu5QpgHNwMA.WiKAGqTffIf5livsVKAdNMZZck0mNe0GzCHEZPYawrU&dib_tag=se&keywords=samsung+phone&qid=1772189680&sr=8-96
Samsung 15W Wireless Charger Single Cordless Super Fast Charging Pad for Galaxy Phones and Devices Compact Design LED Indicator USB C Cable Included 2022 US Version Grey,,Samsung,,,,,(3124),https://www.amazon.com/Samsung-Wireless-Universally-Compatible-Included/dp/B09MV4SRP1/ref=sr_1_95?dib=eyJ2IjoiMSJ9.oZKjEr1IzeNk0RtHdz4glpBZSleWlV4j0M8FpaOiakFjtLOK7XzbD5nJ4sg8B8psk-fF9yMW1pFwia-IAdihQcHJkcbzgPO6m2uopZadwc2R_qdWZfpOihNaXYxu8BSJi_i5ECbX8KWaPc0Mswnnjhby1pbcwR0QeXZp5bxS19wLFYRnFhxJn_ou2bvLxmZnTy_zqE-LSR1MKlWN01MrLsD09mnED5PEMu5QpgHNwMA.WiKAGqTffIf5livsVKAdNMZZck0mNe0GzCHEZPYawrU&dib_tag=se&keywords=samsung+phone&qid=1772189680&sr=8-95
Motorola Moto G Power 5G | 2023 | Unlocked | Made for US 4/128GB | 50 MPCamera | Mineral Black,,Motorola,Android 13.0,128 GB,MediaTek Helio,2.2 GHz,(2100),https://www.amazon.com/Motorola-Power-Unlocked-MPCamera-Mineral/dp/B0D9927L49/ref=sr_1_94?dib=eyJ2IjoiMSJ9.oZKjEr1IzeNk0RtHdz4glpBZSleWlV4j0M8FpaOiakFjtLOK7XzbD5nJ4sg8B8psk-fF9yMW1pFwia-IAdihQcHJkcbzgPO6m2uopZadwc2R_qdWZfpOihNaXYxu8BSJi_i5ECbX8KWaPc0Mswnnjhby1pbcwR0QeXZp5bxS19wLFYRnFhxJn_ou2bvLxmZnTy_zqE-LSR1MKlWN01MrLsD09mnED5PEMu5QpgHNwMA.WiKAGqTffIf5livsVKAdNMZZck0mNe0GzCHEZPYawrU&dib_tag=se&keywords=samsung%2Bphone&qid=1772189680&sr=8-94&th=1
Samsung Gear Fit2 Smartwatch Large Black,,,"Android 4.4+ and 1.5GB RAM, android",,,,(4199),https://www.amazon.com/Samsung-Gear-Smartwatch-Large-Black/dp/B01FDPVXZC/ref=sr_1_93?dib=eyJ2IjoiMSJ9.oZKjEr1IzeNk0RtHdz4glpBZSleWlV4j0M8FpaOiakFjtLOK7XzbD5nJ4sg8B8psk-fF9yMW1pFwia-IAdihQcHJkcbzgPO6m2uopZadwc2R_qdWZfpOihNaXYxu8BSJi_i5ECbX8KWaPc0Mswnnjhby1pbcwR0QeXZp5bxS19wLFYRnFhxJn_ou2bvLxmZnTy_zqE-LSR1MKlWN01MrLsD09mnED5PEMu5QpgHNwMA.WiKAGqTffIf5livsVKAdNMZZck0mNe0GzCHEZPYawrU&dib_tag=se&keywords=samsung%2Bphone&qid=1772189680&sr=8-93&th=1
Samsung Galaxy Buds Core SM-R410 (2025) | Latin American Stock | Bluetooth 5.4 | Active Noise Cancelation | up to 35h Continuous Music Playblack - (Black),,Samsung,,,,,(370),https://www.amazon.com/Samsung-Bluetooth-Cancelation-Continuous-Playblack/dp/B0FNRXZV67/ref=sr_1_92?dib=eyJ2IjoiMSJ9.oZKjEr1IzeNk0RtHdz4glpBZSleWlV4j0M8FpaOiakFjtLOK7XzbD5nJ4sg8B8psk-fF9yMW1pFwia-IAdihQcHJkcbzgPO6m2uopZadwc2R_qdWZfpOihNaXYxu8BSJi_i5ECbX8KWaPc0Mswnnjhby1pbcwR0QeXZp5bxS19wLFYRnFhxJn_ou2bvLxmZnTy_zqE-LSR1MKlWN01MrLsD09mnED5PEMu5QpgHNwMA.WiKAGqTffIf5livsVKAdNMZZck0mNe0GzCHEZPYawrU&dib_tag=se&keywords=samsung%2Bphone&qid=1772189680&sr=8-92&th=1
Motorola Moto G 5G | 2023 | Unlocked | Made for US 4/128GB | 48 MPCamera | Ink Blue 163.94x74.98x8.39,,Motorola,Android 13.0,6 GB,Snapdragon,2.2 GHz,(1138),https://www.amazon.com/Motorola-Unlocked-128GB-MPCamera-163-94x74-98x8-39/dp/B0C2SWQBMB/ref=sr_1_91?dib=eyJ2IjoiMSJ9.oZKjEr1IzeNk0RtHdz4glpBZSleWlV4j0M8FpaOiakFjtLOK7XzbD5nJ4sg8B8psk-fF9yMW1pFwia-IAdihQcHJkcbzgPO6m2uopZadwc2R_qdWZfpOihNaXYxu8BSJi_i5ECbX8KWaPc0Mswnnjhby1pbcwR0QeXZp5bxS19wLFYRnFhxJn_ou2bvLxmZnTy_zqE-LSR1MKlWN01MrLsD09mnED5PEMu5QpgHNwMA.WiKAGqTffIf5livsVKAdNMZZck0mNe0GzCHEZPYawrU&dib_tag=se&keywords=samsung%2Bphone&qid=1772189680&sr=8-91&th=1
Motorola Moto G15 4G LTE (XT2521-2) 4+256GB Dual Sim | GSM Unlocked | International Model | for T-Mobile Metro PCS Mint & Tello - (Gray),,Motorola,Android 15,4 GB,MediaTek Helio,2 GHz,(246),https://www.amazon.com/Motorola-XT2521-2-Unlocked-International-T-Mobile/dp/B0DTBKYSHX/ref=sr_1_90?dib=eyJ2IjoiMSJ9.oZKjEr1IzeNk0RtHdz4glpBZSleWlV4j0M8FpaOiakFjtLOK7XzbD5nJ4sg8B8psk-fF9yMW1pFwia-IAdihQcHJkcbzgPO6m2uopZadwc2R_qdWZfpOihNaXYxu8BSJi_i5ECbX8KWaPc0Mswnnjhby1pbcwR0QeXZp5bxS19wLFYRnFhxJn_ou2bvLxmZnTy_zqE-LSR1MKlWN01MrLsD09mnED5PEMu5QpgHNwMA.WiKAGqTffIf5livsVKAdNMZZck0mNe0GzCHEZPYawrU&dib_tag=se&keywords=samsung%2Bphone&qid=1772189680&sr=8-90&th=1
BLU | Bold K50 | 5G| 2024 | 3-Day Battery | Unlocked | 6.7” FHD+ 3D AMOLED | 256/8GB | Triple 64MP Camera | US Version | US Warranty | Purple,,BLU,Android 14,8 GB,MediaTek Helio,2.4 GHz,(326),https://www.amazon.com/Battery-Unlocked-AMOLED-Version-Warranty/dp/B0D897WH4K/ref=sr_1_89?dib=eyJ2IjoiMSJ9.oZKjEr1IzeNk0RtHdz4glpBZSleWlV4j0M8FpaOiakFjtLOK7XzbD5nJ4sg8B8psk-fF9yMW1pFwia-IAdihQcHJkcbzgPO6m2uopZadwc2R_qdWZfpOihNaXYxu8BSJi_i5ECbX8KWaPc0Mswnnjhby1pbcwR0QeXZp5bxS19wLFYRnFhxJn_ou2bvLxmZnTy_zqE-LSR1MKlWN01MrLsD09mnED5PEMu5QpgHNwMA.WiKAGqTffIf5livsVKAdNMZZck0mNe0GzCHEZPYawrU&dib_tag=se&keywords=samsung+phone&qid=1772189680&sr=8-89
Samsung BD-J5100 BD-JM51 Curved Blu-Ray Player 2015 Model (Renewed),,Samsung,,,,,(1308),https://www.amazon.com/Samsung-BD-J5100-BD-JM51-Certified-Refurbished/dp/B013RUXJES/ref=sr_1_88?dib=eyJ2IjoiMSJ9.oZKjEr1IzeNk0RtHdz4glpBZSleWlV4j0M8FpaOiakFjtLOK7XzbD5nJ4sg8B8psk-fF9yMW1pFwia-IAdihQcHJkcbzgPO6m2uopZadwc2R_qdWZfpOihNaXYxu8BSJi_i5ECbX8KWaPc0Mswnnjhby1pbcwR0QeXZp5bxS19wLFYRnFhxJn_ou2bvLxmZnTy_zqE-LSR1MKlWN01MrLsD09mnED5PEMu5QpgHNwMA.WiKAGqTffIf5livsVKAdNMZZck0mNe0GzCHEZPYawrU&dib_tag=se&keywords=samsung+phone&qid=1772189680&sr=8-88
Motorola Edge | 2021 | 2-Day Battery | Unlocked | Made for US 8/256GB | 108MP Camera | Nebula Blue,,Motorola,Android 11.0,8 GB,Qualcomm Snapdragon MSM8260A,2.4 GHz,(4056),https://www.amazon.com/Motorola-battery-Unlocked-Camera-Nebula/dp/B098TXKW8K/ref=sr_1_87?dib=eyJ2IjoiMSJ9.oZKjEr1IzeNk0RtHdz4glpBZSleWlV4j0M8FpaOiakFjtLOK7XzbD5nJ4sg8B8psk-fF9yMW1pFwia-IAdihQcHJkcbzgPO6m2uopZadwc2R_qdWZfpOihNaXYxu8BSJi_i5ECbX8KWaPc0Mswnnjhby1pbcwR0QeXZp5bxS19wLFYRnFhxJn_ou2bvLxmZnTy_zqE-LSR1MKlWN01MrLsD09mnED5PEMu5QpgHNwMA.WiKAGqTffIf5livsVKAdNMZZck0mNe0GzCHEZPYawrU&dib_tag=se&keywords=samsung%2Bphone&qid=1772189680&sr=8-87&th=1
Samsung Galaxy S8+ 6.2 64GB (Verizon Wireless) - Arctic Silver,,Samsung,Android,4 GB,Snapdragon 835,2.35 GHz,(134),https://www.amazon.com/Samsung-Galaxy-64GB-Verizon-Wireless/dp/B06Y3KRV1W/ref=sr_1_86?dib=eyJ2IjoiMSJ9.oZKjEr1IzeNk0RtHdz4glpBZSleWlV4j0M8FpaOiakFjtLOK7XzbD5nJ4sg8B8psk-fF9yMW1pFwia-IAdihQcHJkcbzgPO6m2uopZadwc2R_qdWZfpOihNaXYxu8BSJi_i5ECbX8KWaPc0Mswnnjhby1pbcwR0QeXZp5bxS19wLFYRnFhxJn_ou2bvLxmZnTy_zqE-LSR1MKlWN01MrLsD09mnED5PEMu5QpgHNwMA.WiKAGqTffIf5livsVKAdNMZZck0mNe0GzCHEZPYawrU&dib_tag=se&keywords=samsung%2Bphone&qid=1772189680&sr=8-86&th=1
Samsung Galaxy A03s 32GB Black - Tracfone Prepaid Locked (Renewed),,Samsung,Android 11.0,3 GB,1.2GHz Cortex A9 Processor,2.35 GHz,(11),https://www.amazon.com/Tracfone-Samsung-Galaxy-A03s-Black/dp/B0BLKTM9C5/ref=sr_1_85?dib=eyJ2IjoiMSJ9.oZKjEr1IzeNk0RtHdz4glpBZSleWlV4j0M8FpaOiakFjtLOK7XzbD5nJ4sg8B8psk-fF9yMW1pFwia-IAdihQcHJkcbzgPO6m2uopZadwc2R_qdWZfpOihNaXYxu8BSJi_i5ECbX8KWaPc0Mswnnjhby1pbcwR0QeXZp5bxS19wLFYRnFhxJn_ou2bvLxmZnTy_zqE-LSR1MKlWN01MrLsD09mnED5PEMu5QpgHNwMA.WiKAGqTffIf5livsVKAdNMZZck0mNe0GzCHEZPYawrU&dib_tag=se&keywords=samsung%2Bphone&qid=1772189680&sr=8-85&th=1
Samsung Galaxy S5 SM-G900A 16GB 4G LTE GSM Unlocked Android Smartphone (Gold),,Samsung,google_android,16 GB,1.2GHz Cortex A8 Processor,2.5 GHz,(90),https://www.amazon.com/Samsung-SM-G900A-Unlocked-Android-Smartphone/dp/B0182XCRSE/ref=sr_1_84?dib=eyJ2IjoiMSJ9.oZKjEr1IzeNk0RtHdz4glpBZSleWlV4j0M8FpaOiakFjtLOK7XzbD5nJ4sg8B8psk-fF9yMW1pFwia-IAdihQcHJkcbzgPO6m2uopZadwc2R_qdWZfpOihNaXYxu8BSJi_i5ECbX8KWaPc0Mswnnjhby1pbcwR0QeXZp5bxS19wLFYRnFhxJn_ou2bvLxmZnTy_zqE-LSR1MKlWN01MrLsD09mnED5PEMu5QpgHNwMA.WiKAGqTffIf5livsVKAdNMZZck0mNe0GzCHEZPYawrU&dib_tag=se&keywords=samsung+phone&qid=1772189680&sr=8-84
SAMSUNG Galaxy Z Flip 4 Factory Unlocked 256GB Bespoke Edition Black/White/White (Renewed),,Samsung,Android,,,,(18),https://www.amazon.com/SAMSUNG-Factory-Unlocked-Bespoke-Renewed/dp/B0BTMZ98BS/ref=sr_1_83?dib=eyJ2IjoiMSJ9.oZKjEr1IzeNk0RtHdz4glpBZSleWlV4j0M8FpaOiakFjtLOK7XzbD5nJ4sg8B8psk-fF9yMW1pFwia-IAdihQcHJkcbzgPO6m2uopZadwc2R_qdWZfpOihNaXYxu8BSJi_i5ECbX8KWaPc0Mswnnjhby1pbcwR0QeXZp5bxS19wLFYRnFhxJn_ou2bvLxmZnTy_zqE-LSR1MKlWN01MrLsD09mnED5PEMu5QpgHNwMA.WiKAGqTffIf5livsVKAdNMZZck0mNe0GzCHEZPYawrU&dib_tag=se&keywords=samsung+phone&qid=1772189680&sr=8-83
Getting Started with the Samsung Galaxy Samsung A55 and A35 5g: The Insanely Easy Guide to the Samsung Galaxy A55 and A35 and Android 14 One Ui 6.1,,,,,,,(3),https://www.amazon.com/Getting-Started-Samsung-Galaxy-A55-ebook/dp/B0CYHJMMFJ/ref=sr_1_82_sspa?dib=eyJ2IjoiMSJ9.oZKjEr1IzeNk0RtHdz4glpBZSleWlV4j0M8FpaOiakFjtLOK7XzbD5nJ4sg8B8psk-fF9yMW1pFwia-IAdihQcHJkcbzgPO6m2uopZadwc2R_qdWZfpOihNaXYxu8BSJi_i5ECbX8KWaPc0Mswnnjhby1pbcwR0QeXZp5bxS19wLFYRnFhxJn_ou2bvLxmZnTy_zqE-LSR1MKlWN01MrLsD09mnED5PEMu5QpgHNwMA.WiKAGqTffIf5livsVKAdNMZZck0mNe0GzCHEZPYawrU&dib_tag=se&keywords=samsung+phone&qid=1772189680&sr=8-82-spons&sp_csd=d2lkZ2V0TmFtZT1zcF9hdGZfbmV4dA&psc=1
Samsung Galaxy Z Fold 7 Z Flip 7 and Flip 7 FE User Guide: The Ultimate Tips & Tricks Manual with Simple Instructions and Pictures for Beginners & Advanced User’s to Use and Operate the Smartphones,,,,,,,(4),https://www.amazon.com/Samsung-Galaxy-Fold-Flip-Guide/dp/B0FHG5865N/ref=sr_1_81_sspa?dib=eyJ2IjoiMSJ9.oZKjEr1IzeNk0RtHdz4glpBZSleWlV4j0M8FpaOiakFjtLOK7XzbD5nJ4sg8B8psk-fF9yMW1pFwia-IAdihQcHJkcbzgPO6m2uopZadwc2R_qdWZfpOihNaXYxu8BSJi_i5ECbX8KWaPc0Mswnnjhby1pbcwR0QeXZp5bxS19wLFYRnFhxJn_ou2bvLxmZnTy_zqE-LSR1MKlWN01MrLsD09mnED5PEMu5QpgHNwMA.WiKAGqTffIf5livsVKAdNMZZck0mNe0GzCHEZPYawrU&dib_tag=se&keywords=samsung+phone&qid=1772189680&sr=8-81-spons&sp_csd=d2lkZ2V0TmFtZT1zcF9hdGZfbmV4dA&psc=1
Samsung Galaxy S25 Ultra 5G User Guide: The Ultimate Tips & Tricks Manual with Simple Instructions and Pictures for Beginners & Advanced User’s to Use and Operate the Smartphone,,,,,,,(25),https://www.amazon.com/Samsung-Galaxy-Ultra-User-Guide/dp/B0DTY2LRG9/ref=sr_1_84_sspa?dib=eyJ2IjoiMSJ9.Gq0B8SrJWlOk8Mmmb3Mg7piqW2nlxvkF0vbj0jBd1mRybJ3tF6-3KyPHTumDjjpLqveFG1tD7DrMMax3qFkOBNUKbrugDiLEHJSWjtDLnodHtfunqDzHXzTvUO8rYmfJLwfYbODyOcnYdqQ1YUn186Kk2jez5Ik4fN3K9_HCj2z2SblVEHCSEObv4GwMpaHGah2XGN_p_qm756DpkjN8J-YVli7xqib6N34UK9eGVGE.c77U4Duewxghsd5NjrbijHNLiq68PeJh-gFp8cFBEmk&dib_tag=se&keywords=samsung+phone&qid=1772189676&sr=8-84-spons&sp_csd=d2lkZ2V0TmFtZT1zcF9idGY&psc=1
SAMSUNG Galaxy Z Fold4 512gb Phantom Black Verizon (Renewed),,Samsung,Android,12 GB,Core i5-10600KF,3 GHz,(3),https://www.amazon.com/SAMSUNG-Galaxy-Phantom-Verizon-Renewed/dp/B0BJH8SKY5/ref=sr_1_83?dib=eyJ2IjoiMSJ9.Gq0B8SrJWlOk8Mmmb3Mg7piqW2nlxvkF0vbj0jBd1mRybJ3tF6-3KyPHTumDjjpLqveFG1tD7DrMMax3qFkOBNUKbrugDiLEHJSWjtDLnodHtfunqDzHXzTvUO8rYmfJLwfYbODyOcnYdqQ1YUn186Kk2jez5Ik4fN3K9_HCj2z2SblVEHCSEObv4GwMpaHGah2XGN_p_qm756DpkjN8J-YVli7xqib6N34UK9eGVGE.c77U4Duewxghsd5NjrbijHNLiq68PeJh-gFp8cFBEmk&dib_tag=se&keywords=samsung+phone&qid=1772189676&sr=8-83
Samsung Galaxy A35 5G (128GB 2024) 6.6 120Hz AMOLED Octa-Core 50MP Triple Camera (Only for AT&T Cricket Net 10-5G / 4G LTE) A356U (Awesome Navy) (Renewed),,Samsung,Android,6 GB,Exynos 1380 S5E8835,2.2 GHz,(2),https://www.amazon.com/Samsung-Octa-Core-Cricket-A356U-Awesome/dp/B0F5X8MP8R/ref=sr_1_82?dib=eyJ2IjoiMSJ9.Gq0B8SrJWlOk8Mmmb3Mg7piqW2nlxvkF0vbj0jBd1mRybJ3tF6-3KyPHTumDjjpLqveFG1tD7DrMMax3qFkOBNUKbrugDiLEHJSWjtDLnodHtfunqDzHXzTvUO8rYmfJLwfYbODyOcnYdqQ1YUn186Kk2jez5Ik4fN3K9_HCj2z2SblVEHCSEObv4GwMpaHGah2XGN_p_qm756DpkjN8J-YVli7xqib6N34UK9eGVGE.c77U4Duewxghsd5NjrbijHNLiq68PeJh-gFp8cFBEmk&dib_tag=se&keywords=samsung+phone&qid=1772189676&sr=8-82
Samsung Galaxy Z Flip 6 256GB Blue - Verizon (Renewed),,Samsung,,,,,(20),https://www.amazon.com/SAMSUNG-Galaxy-Flip-256GB-Blue/dp/B0DQQGJRJG/ref=sr_1_81?dib=eyJ2IjoiMSJ9.Gq0B8SrJWlOk8Mmmb3Mg7piqW2nlxvkF0vbj0jBd1mRybJ3tF6-3KyPHTumDjjpLqveFG1tD7DrMMax3qFkOBNUKbrugDiLEHJSWjtDLnodHtfunqDzHXzTvUO8rYmfJLwfYbODyOcnYdqQ1YUn186Kk2jez5Ik4fN3K9_HCj2z2SblVEHCSEObv4GwMpaHGah2XGN_p_qm756DpkjN8J-YVli7xqib6N34UK9eGVGE.c77U4Duewxghsd5NjrbijHNLiq68PeJh-gFp8cFBEmk&dib_tag=se&keywords=samsung+phone&qid=1772189676&sr=8-81
SAMSUNG Galaxy S7 Black 32GB (Verizon Wireless),,Samsung,Android,4 GB,Snapdragon,2.15 GHz,(871),https://www.amazon.com/Samsung-Galaxy-Black-Verizon-Wireless/dp/B01CJ3SCN2/ref=sr_1_80?dib=eyJ2IjoiMSJ9.Gq0B8SrJWlOk8Mmmb3Mg7piqW2nlxvkF0vbj0jBd1mRybJ3tF6-3KyPHTumDjjpLqveFG1tD7DrMMax3qFkOBNUKbrugDiLEHJSWjtDLnodHtfunqDzHXzTvUO8rYmfJLwfYbODyOcnYdqQ1YUn186Kk2jez5Ik4fN3K9_HCj2z2SblVEHCSEObv4GwMpaHGah2XGN_p_qm756DpkjN8J-YVli7xqib6N34UK9eGVGE.c77U4Duewxghsd5NjrbijHNLiq68PeJh-gFp8cFBEmk&dib_tag=se&keywords=samsung%2Bphone&qid=1772189676&sr=8-80&th=1
Samsung Galaxy Note 8 N950U 64GB Unlocked GSM 4G LTE Android Smartphone w/Dual 12 MegaPixel Camera (Renewed) (Deep Sea Blue),,Samsung,android,6 GB,ARM 7100,2.35 GHz,(81),https://www.amazon.com/Samsung-Unlocked-Android-Smartphone-MegaPixel/dp/B07N2Y15VX/ref=sr_1_79?dib=eyJ2IjoiMSJ9.Gq0B8SrJWlOk8Mmmb3Mg7piqW2nlxvkF0vbj0jBd1mRybJ3tF6-3KyPHTumDjjpLqveFG1tD7DrMMax3qFkOBNUKbrugDiLEHJSWjtDLnodHtfunqDzHXzTvUO8rYmfJLwfYbODyOcnYdqQ1YUn186Kk2jez5Ik4fN3K9_HCj2z2SblVEHCSEObv4GwMpaHGah2XGN_p_qm756DpkjN8J-YVli7xqib6N34UK9eGVGE.c77U4Duewxghsd5NjrbijHNLiq68PeJh-gFp8cFBEmk&dib_tag=se&keywords=samsung+phone&qid=1772189676&sr=8-79
Samsung Galaxy Note 20 Ultra 5G 128GB Mystic Black - Fully Unlocked (AT&T Verizon T-Mobile Global) w/Fast Wireless Charging Pad (Renewed),,Samsung,Android 13.0,8 GB,Snapdragon,,(49),https://www.amazon.com/Samsung-Galaxy-Ultra-128GB-Mystic/dp/B09ZLV5RL8/ref=sr_1_78?dib=eyJ2IjoiMSJ9.Gq0B8SrJWlOk8Mmmb3Mg7piqW2nlxvkF0vbj0jBd1mRybJ3tF6-3KyPHTumDjjpLqveFG1tD7DrMMax3qFkOBNUKbrugDiLEHJSWjtDLnodHtfunqDzHXzTvUO8rYmfJLwfYbODyOcnYdqQ1YUn186Kk2jez5Ik4fN3K9_HCj2z2SblVEHCSEObv4GwMpaHGah2XGN_p_qm756DpkjN8J-YVli7xqib6N34UK9eGVGE.c77U4Duewxghsd5NjrbijHNLiq68PeJh-gFp8cFBEmk&dib_tag=se&keywords=samsung+phone&qid=1772189676&sr=8-78
Samsung Galaxy S4 White Frost 16GB (AT&T),,Samsung,Android,,Snapdragon,1.9 GHz,(390),https://www.amazon.com/Samsung-Galaxy-S4-White-Frost/dp/B00E6FGSHY/ref=sr_1_77?dib=eyJ2IjoiMSJ9.Gq0B8SrJWlOk8Mmmb3Mg7piqW2nlxvkF0vbj0jBd1mRybJ3tF6-3KyPHTumDjjpLqveFG1tD7DrMMax3qFkOBNUKbrugDiLEHJSWjtDLnodHtfunqDzHXzTvUO8rYmfJLwfYbODyOcnYdqQ1YUn186Kk2jez5Ik4fN3K9_HCj2z2SblVEHCSEObv4GwMpaHGah2XGN_p_qm756DpkjN8J-YVli7xqib6N34UK9eGVGE.c77U4Duewxghsd5NjrbijHNLiq68PeJh-gFp8cFBEmk&dib_tag=se&keywords=samsung+phone&qid=1772189676&sr=8-77
SAMSUNG Galaxy Tab A9 4G LTE (64GB 4GB Cellular) 8.7 Android Tablet Octa-core (6nm) Dual Speakers (International Model Fully Unlocked for US & Global) X115 (w/ 15W Fast Charger Silver),,Samsung,,,,,(128),https://www.amazon.com/SAMSUNG-Cellular-Octa-core-International-X115/dp/B0D438VNX2/ref=sr_1_76?dib=eyJ2IjoiMSJ9.Gq0B8SrJWlOk8Mmmb3Mg7piqW2nlxvkF0vbj0jBd1mRybJ3tF6-3KyPHTumDjjpLqveFG1tD7DrMMax3qFkOBNUKbrugDiLEHJSWjtDLnodHtfunqDzHXzTvUO8rYmfJLwfYbODyOcnYdqQ1YUn186Kk2jez5Ik4fN3K9_HCj2z2SblVEHCSEObv4GwMpaHGah2XGN_p_qm756DpkjN8J-YVli7xqib6N34UK9eGVGE.c77U4Duewxghsd5NjrbijHNLiq68PeJh-gFp8cFBEmk&dib_tag=se&keywords=samsung+phone&qid=1772189676&sr=8-76
Getting Started with the Samsung Galaxy Samsung A55 and A35 5g: The Insanely Easy Guide to the Samsung Galaxy A55 and A35 and Android 14 One Ui 6.1,,,,,,,(3),https://www.amazon.com/Getting-Started-Samsung-Galaxy-A55-ebook/dp/B0CYHJMMFJ/ref=sr_1_75_sspa?dib=eyJ2IjoiMSJ9.Gq0B8SrJWlOk8Mmmb3Mg7piqW2nlxvkF0vbj0jBd1mRybJ3tF6-3KyPHTumDjjpLqveFG1tD7DrMMax3qFkOBNUKbrugDiLEHJSWjtDLnodHtfunqDzHXzTvUO8rYmfJLwfYbODyOcnYdqQ1YUn186Kk2jez5Ik4fN3K9_HCj2z2SblVEHCSEObv4GwMpaHGah2XGN_p_qm756DpkjN8J-YVli7xqib6N34UK9eGVGE.c77U4Duewxghsd5NjrbijHNLiq68PeJh-gFp8cFBEmk&dib_tag=se&keywords=samsung+phone&qid=1772189676&sr=8-75-spons&sp_csd=d2lkZ2V0TmFtZT1zcF9tdGY&psc=1
Samsung Care+ Device Protection Monthly | Phone Tier 2 MRC [Subscription],,,,,,,(4),https://www.amazon.com/Samsung-Device-Protection-Monthly-Subscription/dp/B0F3FZLCD1/ref=sr_1_74?dib=eyJ2IjoiMSJ9.Gq0B8SrJWlOk8Mmmb3Mg7piqW2nlxvkF0vbj0jBd1mRybJ3tF6-3KyPHTumDjjpLqveFG1tD7DrMMax3qFkOBNUKbrugDiLEHJSWjtDLnodHtfunqDzHXzTvUO8rYmfJLwfYbODyOcnYdqQ1YUn186Kk2jez5Ik4fN3K9_HCj2z2SblVEHCSEObv4GwMpaHGah2XGN_p_qm756DpkjN8J-YVli7xqib6N34UK9eGVGE.c77U4Duewxghsd5NjrbijHNLiq68PeJh-gFp8cFBEmk&dib_tag=se&keywords=samsung+phone&qid=1772189676&sr=8-74
Samsung Galaxy Note 8 Verizon Wireless / GSM Unlocked 64GB - Midnight Black,,Verizon,Android,,,,(59),https://www.amazon.com/Samsung-Galaxy-Verizon-Wireless-Unlocked/dp/B075H4L3R4/ref=sr_1_73?dib=eyJ2IjoiMSJ9.Gq0B8SrJWlOk8Mmmb3Mg7piqW2nlxvkF0vbj0jBd1mRybJ3tF6-3KyPHTumDjjpLqveFG1tD7DrMMax3qFkOBNUKbrugDiLEHJSWjtDLnodHtfunqDzHXzTvUO8rYmfJLwfYbODyOcnYdqQ1YUn186Kk2jez5Ik4fN3K9_HCj2z2SblVEHCSEObv4GwMpaHGah2XGN_p_qm756DpkjN8J-YVli7xqib6N34UK9eGVGE.c77U4Duewxghsd5NjrbijHNLiq68PeJh-gFp8cFBEmk&dib_tag=se&keywords=samsung+phone&qid=1772189676&sr=8-73
SAMSUNG Galaxy S23 Ultra 5G S9180 Dual 512GB 12GB RAM 200 MP Camera Factory Unlocked GSM Global Model Mobile Cell Phone – Phantom Black,,Samsung,Android 13.0,12 GB,Snapdragon,3.36 GHz,(168),https://www.amazon.com/SAMSUNG-Factory-Unlocked-Wireless-Included/dp/B0BV7HZH2F/ref=sr_1_72?dib=eyJ2IjoiMSJ9.Gq0B8SrJWlOk8Mmmb3Mg7piqW2nlxvkF0vbj0jBd1mRybJ3tF6-3KyPHTumDjjpLqveFG1tD7DrMMax3qFkOBNUKbrugDiLEHJSWjtDLnodHtfunqDzHXzTvUO8rYmfJLwfYbODyOcnYdqQ1YUn186Kk2jez5Ik4fN3K9_HCj2z2SblVEHCSEObv4GwMpaHGah2XGN_p_qm756DpkjN8J-YVli7xqib6N34UK9eGVGE.c77U4Duewxghsd5NjrbijHNLiq68PeJh-gFp8cFBEmk&dib_tag=se&keywords=samsung+phone&qid=1772189676&sr=8-72
SAMSUNG Galaxy S21 FE 5G Cell Phone Factory Unlocked Android Smartphone 128GB 120Hz Display Pro Grade Camera All Day Intelligent Battery International Version (Olive Green),,Samsung,Android,6 GB,Quad Core 2.26GHz,2.2 GHz,(7),https://www.amazon.com/Samsung-Unlocked-Smartphone-Intelligent-International/dp/B09QNK8FDL/ref=sr_1_71?dib=eyJ2IjoiMSJ9.Gq0B8SrJWlOk8Mmmb3Mg7piqW2nlxvkF0vbj0jBd1mRybJ3tF6-3KyPHTumDjjpLqveFG1tD7DrMMax3qFkOBNUKbrugDiLEHJSWjtDLnodHtfunqDzHXzTvUO8rYmfJLwfYbODyOcnYdqQ1YUn186Kk2jez5Ik4fN3K9_HCj2z2SblVEHCSEObv4GwMpaHGah2XGN_p_qm756DpkjN8J-YVli7xqib6N34UK9eGVGE.c77U4Duewxghsd5NjrbijHNLiq68PeJh-gFp8cFBEmk&dib_tag=se&keywords=samsung%2Bphone&qid=1772189676&sr=8-71&th=1
Samsung Galaxy Note 5 White 32GB (AT&T) - Unlocked,,Samsung,Android,4 GB,Snapdragon,2.1 GHz,(102),https://www.amazon.com/Samsung-Galaxy-Note-White-32GB/dp/B013X8XMCS/ref=sr_1_70?dib=eyJ2IjoiMSJ9.Gq0B8SrJWlOk8Mmmb3Mg7piqW2nlxvkF0vbj0jBd1mRybJ3tF6-3KyPHTumDjjpLqveFG1tD7DrMMax3qFkOBNUKbrugDiLEHJSWjtDLnodHtfunqDzHXzTvUO8rYmfJLwfYbODyOcnYdqQ1YUn186Kk2jez5Ik4fN3K9_HCj2z2SblVEHCSEObv4GwMpaHGah2XGN_p_qm756DpkjN8J-YVli7xqib6N34UK9eGVGE.c77U4Duewxghsd5NjrbijHNLiq68PeJh-gFp8cFBEmk&dib_tag=se&keywords=samsung+phone&qid=1772189676&sr=8-70
Samsung Galaxy S7 Edge 5.5 32GB (Verizon Wireless) - Black,,Samsung,Android,,Snapdragon,2.15 GHz,(213),https://www.amazon.com/Samsung-Galaxy-S7-Edge-Wireless/dp/B01CJ3SCCI/ref=sr_1_69?dib=eyJ2IjoiMSJ9.Gq0B8SrJWlOk8Mmmb3Mg7piqW2nlxvkF0vbj0jBd1mRybJ3tF6-3KyPHTumDjjpLqveFG1tD7DrMMax3qFkOBNUKbrugDiLEHJSWjtDLnodHtfunqDzHXzTvUO8rYmfJLwfYbODyOcnYdqQ1YUn186Kk2jez5Ik4fN3K9_HCj2z2SblVEHCSEObv4GwMpaHGah2XGN_p_qm756DpkjN8J-YVli7xqib6N34UK9eGVGE.c77U4Duewxghsd5NjrbijHNLiq68PeJh-gFp8cFBEmk&dib_tag=se&keywords=samsung%2Bphone&qid=1772189676&sr=8-69&th=1
SAMSUNG Galaxy S8 5.8 64GB (Verizon Wireless) - Midnight Black,,Samsung,Android,4 GB,Snapdragon,2.3 GHz,(198),https://www.amazon.com/Samsung-Galaxy-S8-Verizon-Wireless/dp/B06Y3GYZKW/ref=sr_1_68?dib=eyJ2IjoiMSJ9.Gq0B8SrJWlOk8Mmmb3Mg7piqW2nlxvkF0vbj0jBd1mRybJ3tF6-3KyPHTumDjjpLqveFG1tD7DrMMax3qFkOBNUKbrugDiLEHJSWjtDLnodHtfunqDzHXzTvUO8rYmfJLwfYbODyOcnYdqQ1YUn186Kk2jez5Ik4fN3K9_HCj2z2SblVEHCSEObv4GwMpaHGah2XGN_p_qm756DpkjN8J-YVli7xqib6N34UK9eGVGE.c77U4Duewxghsd5NjrbijHNLiq68PeJh-gFp8cFBEmk&dib_tag=se&keywords=samsung%2Bphone&qid=1772189676&sr=8-68&th=1
Samsung Galaxy Note 8 64GB Midnight Black - Fully Unlocked (Renewed),,Samsung,Android 7.1,6 GB,Snapdragon,1.7 GHz,(7168),https://www.amazon.com/Samsung-Unlocked-Midnight-Certified-Refurbished/dp/B076XLLCQC/ref=sr_1_67?dib=eyJ2IjoiMSJ9.Gq0B8SrJWlOk8Mmmb3Mg7piqW2nlxvkF0vbj0jBd1mRybJ3tF6-3KyPHTumDjjpLqveFG1tD7DrMMax3qFkOBNUKbrugDiLEHJSWjtDLnodHtfunqDzHXzTvUO8rYmfJLwfYbODyOcnYdqQ1YUn186Kk2jez5Ik4fN3K9_HCj2z2SblVEHCSEObv4GwMpaHGah2XGN_p_qm756DpkjN8J-YVli7xqib6N34UK9eGVGE.c77U4Duewxghsd5NjrbijHNLiq68PeJh-gFp8cFBEmk&dib_tag=se&keywords=samsung%2Bphone&qid=1772189676&sr=8-67&th=1
Getting Started with the Samsung Galaxy Samsung A55 and A35 5g: The Insanely Easy Guide to the Samsung Galaxy A55 and A35 and Android 14 One Ui 6.1,,,,,,,(3),https://www.amazon.com/Getting-Started-Samsung-Galaxy-A55/dp/B0CYP1GZTB/ref=sr_1_66_sspa?dib=eyJ2IjoiMSJ9.Gq0B8SrJWlOk8Mmmb3Mg7piqW2nlxvkF0vbj0jBd1mRybJ3tF6-3KyPHTumDjjpLqveFG1tD7DrMMax3qFkOBNUKbrugDiLEHJSWjtDLnodHtfunqDzHXzTvUO8rYmfJLwfYbODyOcnYdqQ1YUn186Kk2jez5Ik4fN3K9_HCj2z2SblVEHCSEObv4GwMpaHGah2XGN_p_qm756DpkjN8J-YVli7xqib6N34UK9eGVGE.c77U4Duewxghsd5NjrbijHNLiq68PeJh-gFp8cFBEmk&dib_tag=se&keywords=samsung+phone&qid=1772189676&sr=8-66-spons&sp_csd=d2lkZ2V0TmFtZT1zcF9hdGZfbmV4dA&psc=1
Samsung Galaxy Z Fold 7 Z Flip 7 and Flip 7 FE User Guide: The Ultimate Tips & Tricks Manual with Simple Instructions and Pictures for Beginners & Advanced User’s to Use and Operate the Smartphones,,,,,,,(4),https://www.amazon.com/Samsung-Galaxy-Fold-Flip-Guide/dp/B0FHG5865N/ref=sr_1_65_sspa?dib=eyJ2IjoiMSJ9.Gq0B8SrJWlOk8Mmmb3Mg7piqW2nlxvkF0vbj0jBd1mRybJ3tF6-3KyPHTumDjjpLqveFG1tD7DrMMax3qFkOBNUKbrugDiLEHJSWjtDLnodHtfunqDzHXzTvUO8rYmfJLwfYbODyOcnYdqQ1YUn186Kk2jez5Ik4fN3K9_HCj2z2SblVEHCSEObv4GwMpaHGah2XGN_p_qm756DpkjN8J-YVli7xqib6N34UK9eGVGE.c77U4Duewxghsd5NjrbijHNLiq68PeJh-gFp8cFBEmk&dib_tag=se&keywords=samsung+phone&qid=1772189676&sr=8-65-spons&sp_csd=d2lkZ2V0TmFtZT1zcF9hdGZfbmV4dA&psc=1
Samsung Galaxy A36 5G User Guide for Seniors and Beginners: Complete Illustrated Step -by -Step Instructions to Navigate Technology Without Frustration or Fear,,,,,,,(1),https://www.amazon.com/Samsung-Galaxy-Guide-Seniors-Beginners/dp/B0FMPC6VC3/ref=sr_1_69_sspa?dib=eyJ2IjoiMSJ9.uPw4wHfXVdxT9Sqmf4P2cHNvezZCytGKq9-QumYmDKoUgp4nuaVhryHcikL-wgy-haDk6c52rSXdon63RmtAhtt4xhdwuhvxGksmR2_YvkNsKu3evjQZwKfN-dQdMW-Ye_a_7Fj0bsJ3XEkp8rK81wDhWZFEbZdlq1gkpJhfpJiVsI9zqDc6LEkwhOz08osK7pdgJmC3_MmeRBvKEM-L1c_ymcNGVDOva-SuutIH-zw.WW_tMdb03oWv9EHgk7AxGGrwJvgAVD1J1J3widS_CSk&dib_tag=se&keywords=samsung+phone&qid=1772189673&sr=8-69-spons&sp_csd=d2lkZ2V0TmFtZT1zcF9idGY&psc=1
SAMSUNG GALAXY S25 GUIDEBOOK: Step-by-Step Manual on Tips Tricks & Features,,,,,,,,https://www.amazon.com/SAMSUNG-GALAXY-GUIDEBOOK-Step-Step/dp/B0DYWVQ17F/ref=sr_1_68_sspa?dib=eyJ2IjoiMSJ9.uPw4wHfXVdxT9Sqmf4P2cHNvezZCytGKq9-QumYmDKoUgp4nuaVhryHcikL-wgy-haDk6c52rSXdon63RmtAhtt4xhdwuhvxGksmR2_YvkNsKu3evjQZwKfN-dQdMW-Ye_a_7Fj0bsJ3XEkp8rK81wDhWZFEbZdlq1gkpJhfpJiVsI9zqDc6LEkwhOz08osK7pdgJmC3_MmeRBvKEM-L1c_ymcNGVDOva-SuutIH-zw.WW_tMdb03oWv9EHgk7AxGGrwJvgAVD1J1J3widS_CSk&dib_tag=se&keywords=samsung+phone&qid=1772189673&sr=8-68-spons&sp_csd=d2lkZ2V0TmFtZT1zcF9idGY&psc=1
SAMSUNG Galaxy S21+ Plus 5G (128GB 8GB) 6.7 AMOLED 2X Snapdragon 888 Global 5G Volte (GSM + CDMA) Factory Unlocked (AT&T Verizon T-Mobile Metro) G996U (Wireless Charger Bundle Phantom Black),,Samsung,Android,8 GB,Snapdragon,2.84E+3 MHz,(124),https://www.amazon.com/Samsung-Snapdragon-Unlocked-T-Mobile-G996U/dp/B096MZ9SGZ/ref=sr_1_67?dib=eyJ2IjoiMSJ9.uPw4wHfXVdxT9Sqmf4P2cHNvezZCytGKq9-QumYmDKoUgp4nuaVhryHcikL-wgy-haDk6c52rSXdon63RmtAhtt4xhdwuhvxGksmR2_YvkNsKu3evjQZwKfN-dQdMW-Ye_a_7Fj0bsJ3XEkp8rK81wDhWZFEbZdlq1gkpJhfpJiVsI9zqDc6LEkwhOz08osK7pdgJmC3_MmeRBvKEM-L1c_ymcNGVDOva-SuutIH-zw.WW_tMdb03oWv9EHgk7AxGGrwJvgAVD1J1J3widS_CSk&dib_tag=se&keywords=samsung+phone&qid=1772189673&sr=8-67
Samsung Galaxy A56 5G 2025 with AI | 256GB 8GB Dual SIM | 6.7 120Hz AMOLED Water Resistant Android 15 | International Model Factory Unlocked for T-Mobile Global | 25W Charger Bundle (Graphite),,Samsung,Android,8 GB,Exynos 1580 S5E8855,2.9 GHz,(118),https://www.amazon.com/SAMSUNG-A56-Resistant-International-Unlocked/dp/B0DVZSLDSN/ref=sr_1_66?dib=eyJ2IjoiMSJ9.uPw4wHfXVdxT9Sqmf4P2cHNvezZCytGKq9-QumYmDKoUgp4nuaVhryHcikL-wgy-haDk6c52rSXdon63RmtAhtt4xhdwuhvxGksmR2_YvkNsKu3evjQZwKfN-dQdMW-Ye_a_7Fj0bsJ3XEkp8rK81wDhWZFEbZdlq1gkpJhfpJiVsI9zqDc6LEkwhOz08osK7pdgJmC3_MmeRBvKEM-L1c_ymcNGVDOva-SuutIH-zw.WW_tMdb03oWv9EHgk7AxGGrwJvgAVD1J1J3widS_CSk&dib_tag=se&keywords=samsung+phone&qid=1772189673&sr=8-66
Samsung Galaxy A35 5G + 4G LTE (128GB + 8GB) (Tmobile Mint Tello & Global) Unlocked GSM SM-A356E/DS 6.6 120Hz 50MP Triple + (25W Wall Dual Charger) (Awesome Navy 1. Year Latin America),,Samsung,Android,8 GB,Snapdragon,2.4 GHz,(231),https://www.amazon.com/Samsung-Tmobile-Unlocked-SM-A356E-Charger/dp/B0CVQG1YMF/ref=sr_1_65?dib=eyJ2IjoiMSJ9.uPw4wHfXVdxT9Sqmf4P2cHNvezZCytGKq9-QumYmDKoUgp4nuaVhryHcikL-wgy-haDk6c52rSXdon63RmtAhtt4xhdwuhvxGksmR2_YvkNsKu3evjQZwKfN-dQdMW-Ye_a_7Fj0bsJ3XEkp8rK81wDhWZFEbZdlq1gkpJhfpJiVsI9zqDc6LEkwhOz08osK7pdgJmC3_MmeRBvKEM-L1c_ymcNGVDOva-SuutIH-zw.WW_tMdb03oWv9EHgk7AxGGrwJvgAVD1J1J3widS_CSk&dib_tag=se&keywords=samsung+phone&qid=1772189673&sr=8-65
Motorola Moto G Stylus 5G | 2024 | Unlocked | Made for US 8/256GB | 50MP Camera | Caramel Latte | 2024 Unlocked Made for US 50MP Camera,,Motorola,Android 14,8 GB,Snapdragon,1.8 GHz,(2626),https://www.amazon.com/Stylus-Unlocked-256GB-Camera-Caramel/dp/B0D1ZFS9GH/ref=sr_1_64?dib=eyJ2IjoiMSJ9.uPw4wHfXVdxT9Sqmf4P2cHNvezZCytGKq9-QumYmDKoUgp4nuaVhryHcikL-wgy-haDk6c52rSXdon63RmtAhtt4xhdwuhvxGksmR2_YvkNsKu3evjQZwKfN-dQdMW-Ye_a_7Fj0bsJ3XEkp8rK81wDhWZFEbZdlq1gkpJhfpJiVsI9zqDc6LEkwhOz08osK7pdgJmC3_MmeRBvKEM-L1c_ymcNGVDOva-SuutIH-zw.WW_tMdb03oWv9EHgk7AxGGrwJvgAVD1J1J3widS_CSk&dib_tag=se&keywords=samsung%2Bphone&qid=1772189673&sr=8-64&th=1
BLU C5L MAX | 2024 | All-Day Battery | GSM Unlocked | 5.7” Display | 16/2GB |US Version | US Warranty | Black,,BLU,Android 13.0,2 GB,Core i5-10200H,1.4 GHz,(740),https://www.amazon.com/BLU-All-Day-Battery-Unlocked-Warranty/dp/B0CP4FMLBT/ref=sr_1_63?dib=eyJ2IjoiMSJ9.uPw4wHfXVdxT9Sqmf4P2cHNvezZCytGKq9-QumYmDKoUgp4nuaVhryHcikL-wgy-haDk6c52rSXdon63RmtAhtt4xhdwuhvxGksmR2_YvkNsKu3evjQZwKfN-dQdMW-Ye_a_7Fj0bsJ3XEkp8rK81wDhWZFEbZdlq1gkpJhfpJiVsI9zqDc6LEkwhOz08osK7pdgJmC3_MmeRBvKEM-L1c_ymcNGVDOva-SuutIH-zw.WW_tMdb03oWv9EHgk7AxGGrwJvgAVD1J1J3widS_CSk&dib_tag=se&keywords=samsung+phone&qid=1772189673&sr=8-63
SAM Galaxy S10 Smartphone SM G973F 4G International Version (No US Warranty) 128GB 8GB RAM Prism Black - Unlocked,,Samsung,android,8 GB,Snapdragon,2 GHz,(870),https://www.amazon.com/Samsung-SM-G973F-Unlocked-Smartphone-International/dp/B07NXVM3DG/ref=sr_1_62?dib=eyJ2IjoiMSJ9.uPw4wHfXVdxT9Sqmf4P2cHNvezZCytGKq9-QumYmDKoUgp4nuaVhryHcikL-wgy-haDk6c52rSXdon63RmtAhtt4xhdwuhvxGksmR2_YvkNsKu3evjQZwKfN-dQdMW-Ye_a_7Fj0bsJ3XEkp8rK81wDhWZFEbZdlq1gkpJhfpJiVsI9zqDc6LEkwhOz08osK7pdgJmC3_MmeRBvKEM-L1c_ymcNGVDOva-SuutIH-zw.WW_tMdb03oWv9EHgk7AxGGrwJvgAVD1J1J3widS_CSk&dib_tag=se&keywords=samsung+phone&qid=1772189673&sr=8-62
Samsung Galaxy Note 10+ 256GB Aura Blue - Fully Unlocked (Renewed),,Samsung,Android,12 GB,,2.84 GHz,(6753),https://www.amazon.com/Samsung-Factory-Unlocked-Warranty-Renewed/dp/B07Z43R78Y/ref=sr_1_61?dib=eyJ2IjoiMSJ9.uPw4wHfXVdxT9Sqmf4P2cHNvezZCytGKq9-QumYmDKoUgp4nuaVhryHcikL-wgy-haDk6c52rSXdon63RmtAhtt4xhdwuhvxGksmR2_YvkNsKu3evjQZwKfN-dQdMW-Ye_a_7Fj0bsJ3XEkp8rK81wDhWZFEbZdlq1gkpJhfpJiVsI9zqDc6LEkwhOz08osK7pdgJmC3_MmeRBvKEM-L1c_ymcNGVDOva-SuutIH-zw.WW_tMdb03oWv9EHgk7AxGGrwJvgAVD1J1J3widS_CSk&dib_tag=se&keywords=samsung%2Bphone&qid=1772189673&sr=8-61&th=1
Samsung Galaxy Watch 7 40mm Bluetooth AI Smartwatch w/Energy Score Wellness Tips Heart Rate Tracking Sleep Monitor Fitness Tracker 2024 Green [US Version 1Yr Manufacturer Warranty],,,Tizen,,,,(7241),https://www.amazon.com/SAMSUNG-Galaxy-Bluetooth-Smartwatch-Manufacturer/dp/B0D1YQKDML/ref=sr_1_60?dib=eyJ2IjoiMSJ9.uPw4wHfXVdxT9Sqmf4P2cHNvezZCytGKq9-QumYmDKoUgp4nuaVhryHcikL-wgy-haDk6c52rSXdon63RmtAhtt4xhdwuhvxGksmR2_YvkNsKu3evjQZwKfN-dQdMW-Ye_a_7Fj0bsJ3XEkp8rK81wDhWZFEbZdlq1gkpJhfpJiVsI9zqDc6LEkwhOz08osK7pdgJmC3_MmeRBvKEM-L1c_ymcNGVDOva-SuutIH-zw.WW_tMdb03oWv9EHgk7AxGGrwJvgAVD1J1J3widS_CSk&dib_tag=se&keywords=samsung%2Bphone&qid=1772189673&sr=8-60&th=1
